weight_id,w_R,w_P,w_U,a,b,N,R,P,U,score,optimizer_success,optimizer_method
0,0.0,0.0,1.0,0.224960630277433,4.5,4.0,0.7411042062713527,0.08523315803050747,0.7717866245883456,-4.38793242258576e-11,True,SLSQP
1,0.0,0.05,0.95,0.21693822437545637,4.5,4.0,0.7412681606592939,0.08441413066274288,0.772041181705672,0.01522623143414257,True,SLSQP
2,0.0,0.1,0.9,0.2134315143256873,4.5,4.0,0.7413978054355407,0.08410667052935111,0.7723042853369478,0.02933441135138165,True,SLSQP
3,0.0,0.15,0.85,0.210547880547096,3.7978591372754296,4.0,0.7432053881459444,0.09853409619529635,0.7740791984022686,0.12269769438439046,True,Powell_retry
4,0.0,0.2,0.8,0.2079189954369874,4.5,4.0,0.7416677035211587,0.08368020665720438,0.7728897782502078,0.055567226803815616,True,SLSQP
5,0.0,0.25,0.75,0.20539370497298257,3.899415039046159,4.0,0.7447240356390408,0.09562455340030968,0.7755569155639451,0.17804542191191358,True,Powell_retry
6,0.0,0.3,0.7,0.20288341233153132,4.5,4.0,0.7419802809544794,0.08334671420977294,0.7735951959407291,0.07971269322565763,True,SLSQP
7,0.0,0.35,0.65,0.20032187025285572,4.5,4.0,0.7421619111346416,0.08319601828184733,0.7740120670068519,0.09108016889520068,True,SLSQP
8,0.0,0.4,0.6,0.19764888520517002,4.0479686692347,4.0,0.7463948613166538,0.09181006309963435,0.7778585347394701,0.22938845560594207,True,Powell_retry
9,0.0,0.45,0.55,0.19480060006270777,4.5,4.0,0.7426016975266104,0.08291098935423116,0.7750334532828014,0.11243890360693004,True,SLSQP
10,0.0,0.5,0.5,0.19170075940134718,4.5,4.0,0.7428756932958808,0.08277291993997013,0.7756752294545413,0.12242172940511653,True,SLSQP
11,0.0,0.55,0.45,0.1882496493665382,4.5,4.0,0.7432019745879943,0.08263607120084737,0.7764427642355649,0.13192689175715785,True,SLSQP
12,0.0,0.6,0.4,0.18430673737705647,4.5,4.0,0.7436002600409806,0.08249955625781763,0.7773827132574345,0.14094170038620288,True,SLSQP
13,0.0,0.65,0.35,0.17965960017566907,4.499999999805771,4.0,0.7441016562559262,0.08236281078755461,0.7785684454481197,0.14945463250361277,True,SLSQP
14,0.0,0.7,0.3,0.2230251831563773,4.5,2.0,0.7599339301357405,0.07607551530850461,0.7790228731776655,0.13667423421673128,True,SLSQP
15,0.0,0.75,0.25,0.22302524121318823,4.5,2.0,0.7599339322544968,0.07607551458041516,0.7790228731777742,0.11389521681420076,True,SLSQP
16,0.0,0.8,0.2,0.223025387813284,4.5,2.0,0.759933937604641,0.07607551274193788,0.7790228731781729,0.09111619941114305,True,SLSQP
17,0.0,0.85,0.15,0.2230254758954358,4.5,2.0,0.759933940819212,0.0760755116373424,0.7790228731784982,0.06833718200648178,True,SLSQP
18,0.0,0.9,0.1,0.22302576782224706,4.5,2.0,0.759933951473278,0.07607550797654819,0.7790228731800359,0.0455581645986403,True,SLSQP
19,0.0,0.95,0.05,0.22302664421282875,4.5,2.0,0.759933983459168,0.07607549698760499,0.7790228731888956,0.022779147177524377,True,SLSQP
20,0.0,1.0,0.0,0.2286344391277271,4.5,2.0,0.7601834770332321,0.07603979169009167,0.7791563620215654,-7.659192325337233e-11,True,SLSQP
21,0.05,0.0,0.95,0.23402599299318363,3.3916495336289865,4.0,0.735847877537381,0.11400358576436988,0.7727673705354546,0.05866411318834537,True,SLSQP
22,0.05,0.05,0.9,0.2198054687544833,3.4379392947100054,4.0,0.736926804161345,0.11054076784729423,0.7728936022455637,0.06273609881304852,True,SLSQP
23,0.05,0.1,0.85,0.22759694944488168,4.5,4.0,0.7410930682112544,0.08553993045892347,0.7718154654400675,0.07835820820947229,True,SLSQP
24,0.05,0.15,0.8,0.22759545858370422,4.5,4.0,0.7410930682780624,0.0855397514549091,0.7718154326721087,0.07835992609325768,True,SLSQP
25,0.05,0.2,0.75,0.22759430795729518,4.5,4.0,0.741093068334495,0.08553961330636423,0.7718154073951176,0.07836164395870499,True,SLSQP
26,0.05,0.25,0.7,0.21990557979465436,4.5,4.0,0.7411854093578256,0.08469771301097184,0.7718889929206035,0.07870967303904704,True,SLSQP
27,0.05,0.3,0.65,0.20499894501145988,4.499999999999989,4.0,0.7418416022973906,0.08348062441052484,0.7732799106846403,0.08117966585225579,True,SLSQP
28,0.05,0.35,0.6,0.19935327536396935,4.5,4.0,0.7422343865051256,0.0831421816144338,0.7741793826155351,0.0904032291709743,True,SLSQP
29,0.05,0.4,0.55,0.19647498980846054,4.5,4.0,0.7424616104824412,0.08299194328567974,0.7747066979665341,0.10113156777821397,True,SLSQP
30,0.05,0.45,0.5,0.19336901185401284,4.5,4.0,0.7427259175516144,0.08284536701546188,0.7753240262452991,0.11137351732078171,True,SLSQP
31,0.05,0.5,0.45,0.18993585782414626,4.499999999999998,4.0,0.7430398473230613,0.08270080573106632,0.7760610198765732,0.12111911043401817,True,Powell_retry
32,0.05,0.55,0.4,0.1860383252606966,4.5,4.0,0.7434221300882249,0.08255703928492193,0.7769620208919527,0.13035494286019655,True,SLSQP
33,0.05,0.6,0.35,0.18147158657066115,4.499999999947096,4.0,0.7439022534658376,0.08241323961060601,0.7780966949216709,0.1390672913656634,True,Powell_retry
34,0.05,0.65,0.3,0.17590454229059874,4.499999999411279,4.0,0.7445296833751355,0.08226896671995759,0.779581318475746,0.14724559609325044,True,SLSQP
35,0.05,0.7,0.25,0.20854110043653187,4.5,2.0,0.7596784389422864,0.0764616302712583,0.7798390946677227,0.14815875593364267,True,SLSQP
36,0.05,0.75,0.2,0.2085378876670206,4.5,2.0,0.7596784387211888,0.07646175706137506,0.7798394450145391,0.1481562979820212,True,SLSQP
37,0.05,0.8,0.15,0.2085346774750958,4.5,2.0,0.7596784385234415,0.07646188376612595,0.7798397951500451,0.14815383994318232,True,SLSQP
38,0.05,0.85,0.1,0.20853146231953099,4.5,2.0,0.7596784383486047,0.07646201068317658,0.7798401458968365,0.14815138181706494,True,SLSQP
39,0.05,0.9,0.05,0.1,4.5,4.0,0.7544370512906237,0.08037308986535271,0.8016311570728486,0.14182625365315588,True,SLSQP
40,0.05,0.95,0.0,0.2085250282633849,4.5,2.0,0.7596784380684923,0.07646226471435338,0.7798408480090251,0.1481464653027463,True,SLSQP
41,0.1,0.0,0.9,0.23547604104613257,3.3307977301902647,4.0,0.7348081426817002,0.11662918123460513,0.7737192699284501,0.1095187746812346,True,SLSQP
42,0.1,0.05,0.85,0.2349739135756535,3.3257230769146116,4.0,0.7347233160354809,0.11676381377057293,0.7738210499102323,0.10888904446726357,True,SLSQP
43,0.1,0.1,0.8,0.2174312919273513,3.4320713627371493,4.0,0.7369231151166882,0.11052555562271633,0.7731951630630337,0.12541143260197876,True,Powell_retry
44,0.1,0.15,0.75,0.21502737892086451,3.626196909182617,4.0,0.7403583528493223,0.10376062759098197,0.7726234699234181,0.1512103710501245,True,SLSQP
45,0.1,0.2,0.7,0.22760252242627801,4.5,4.0,0.7410930680246115,0.0855405996490027,0.7718155880965833,0.15671623452963526,True,SLSQP
46,0.1,0.25,0.65,0.22760190469791,4.5,4.0,0.7410930680403938,0.08554052546932625,0.7718155744879477,0.15671795250365428,True,SLSQP
47,0.1,0.3,0.6,0.22760128686104064,4.5,4.0,0.7410930680574023,0.08554045127770615,0.7718155608801557,0.15671967046847032,True,SLSQP
48,0.1,0.35,0.55,0.22760066890853264,4.5,4.0,0.7410930680756378,0.08554037707328593,0.7718155472730517,0.15672138842408032,True,SLSQP
49,0.1,0.4,0.5,0.22760005083674184,4.5,4.0,0.7410930680951013,0.08554030285562862,0.7718155336665573,0.1567231063704832,True,SLSQP
50,0.1,0.45,0.45,0.22759943320467715,4.5,4.0,0.7410930681157742,0.08554022869185876,0.7718155200729763,0.15672482430767584,True,SLSQP
51,0.1,0.5,0.4,0.2199055851801721,4.5,4.0,0.7411854092306951,0.08469771354577423,0.7718889927048057,0.15741870073984998,True,SLSQP
52,0.1,0.55,0.35,0.21225058785197753,4.5,4.0,0.7414489714854189,0.08400961069463092,0.7724124473252085,0.15939943874639836,True,SLSQP
53,0.1,0.6,0.3,0.20499894857332968,4.5,4.0,0.7418416020727427,0.08348062464340555,0.7732799101765048,0.16234992954591426,True,SLSQP
54,0.1,0.65,0.25,0.19795559654346884,4.5,4.0,0.7423425394506723,0.08306743640828113,0.7744299004403679,0.16611381153052238,True,SLSQP
55,0.1,0.7,0.2,0.19097180404302616,4.499999996268449,4.0,0.7429427943279194,0.08274258150409988,0.775832829026673,0.17062326207263648,True,SLSQP
56,0.1,0.75,0.15,0.18393176112814388,4.5,4.0,0.7436394768798501,0.08248759637593103,0.7774753844187712,0.17585632427402217,True,SLSQP
57,0.1,0.8,0.1,0.1767541523005265,4.49999999992902,4.0,0.7444311633310275,0.08228901352451026,0.779348190322326,0.18180207197818896,True,SLSQP
58,0.1,0.85,0.05,0.16940816011193705,4.5,4.0,0.7453123898895516,0.08213555159670832,0.7814318483737163,0.1884192431004081,True,SLSQP
59,0.1,0.9,0.0,0.1619407530858799,4.5,4.0,0.7462668264741613,0.08201594234058854,0.7836804481735625,0.19558498324683626,True,SLSQP
60,0.15,0.0,0.85,0.23649787669192657,3.284972065938124,4.0,0.7340595175107818,0.11869789963849646,0.7746985222303885,0.15584377516219347,True,SLSQP
61,0.15,0.05,0.8,0.2360051838955178,3.2787335197403893,4.0,0.7339596303994435,0.11889184348145361,0.774858173813245,0.15472618439651697,True,SLSQP
62,0.15,0.1,0.75,0.23223925089400607,3.2753458610514032,4.0,0.7339271370865824,0.11850052459564993,0.7750562989128124,0.15442005668557565,True,SLSQP
63,0.15,0.15,0.7,0.21720506801259565,3.431491070156922,4.0,0.7369231945580386,0.11052571973703008,0.7732264048295885,0.18811374827002086,True,SLSQP
64,0.15,0.2,0.65,0.21457831215225456,3.565033625338563,4.0,0.7393416754036681,0.1056507700412601,0.7726261955314592,0.21535866439629547,True,SLSQP
65,0.15,0.25,0.6,0.22760485038566647,4.5,4.0,0.7410930679761257,0.0855408792108747,0.7718156394108788,0.23507254257415625,True,SLSQP
66,0.15,0.3,0.55,0.22760443842285394,4.5,4.0,0.7410930679834409,0.08554082973762828,0.7718156303268003,0.23507426058441788,True,SLSQP
67,0.15,0.35,0.5,0.22760402640270563,4.5,4.0,0.7410930679913011,0.08554078025797916,0.7718156212428958,0.2350759785885446,True,SLSQP
68,0.15,0.4,0.45,0.22760361433080034,4.5,4.0,0.7410930679997066,0.08554073077259752,0.7718156121592888,0.23507769658653527,True,SLSQP
69,0.15,0.45,0.4,0.2276032027034988,4.5,4.0,0.7410930680086465,0.08554068134109022,0.7718156030869189,0.23507941457838905,True,SLSQP
70,0.15,0.5,0.35,0.2276027905815105,4.5,4.0,0.7410930680181412,0.0855406318506598,0.771815594005084,0.23508113256410537,True,SLSQP
71,0.15,0.55,0.3,0.22760237840746758,4.5,4.0,0.7410930680281816,0.08554058235446152,0.7718155849235414,0.23508285054368203,True,SLSQP
72,0.15,0.6,0.25,0.2276019661778426,4.5,4.0,0.7410930680387682,0.08554053285207196,0.7718155758422137,0.2350845685171194,True,SLSQP
73,0.15,0.65,0.2,0.22760155387254363,4.5,4.0,0.7410930680499015,0.08554048334107864,0.7718155667606591,0.2350862864844153,True,SLSQP
74,0.15,0.7,0.15,0.22536373923163153,4.5,4.0,0.7411010873587602,0.0852788125492725,0.7717872979064422,0.23517765235474214,True,SLSQP
75,0.15,0.75,0.1,0.2199055898300854,4.499999999947096,4.0,0.7411854091222936,0.08469771400851561,0.7718889925201782,0.2361277276984704,True,Powell_retry
76,0.15,0.8,0.05,0.21474597116250463,4.5,4.0,0.7413452576262279,0.0842185003445046,0.7721953564161477,0.2379287258006155,True,SLSQP
77,0.15,0.85,0.0,0.20979939960914662,4.5,4.0,0.7415668567038325,0.08381817412932817,0.7726672973606851,0.24042524416293268,True,SLSQP
78,0.2,0.0,0.8,0.2365871069790968,3.24619500883887,4.0,0.7334547015699476,0.12040155979959409,0.7757314393987808,0.19870614998569563,True,SLSQP
79,0.2,0.05,0.75,0.23808064492139058,3.237884601718983,4.0,0.7333325052025538,0.12100091455003399,0.7759555552583224,0.19687868904469735,True,SLSQP
80,0.2,0.1,0.7,0.23816594110496309,3.2294828614330595,4.0,0.7332070119521195,0.12139192464118974,0.7762105639565554,0.19500184249130195,True,SLSQP
81,0.2,0.15,0.65,0.22157158081146777,3.306905072210716,4.0,0.7346901568541147,0.11587123802783537,0.7750599568392161,0.21727855957315484,True,SLSQP
82,0.2,0.2,0.6,0.21720506838254613,3.431491070898603,4.0,0.7369231945542627,0.11052571974432418,0.7732264047807174,0.25081530986566986,True,SLSQP
83,0.2,0.25,0.55,0.2151312429075976,3.534366298400842,4.0,0.7387887743085643,0.1067112205239405,0.7726467889613764,0.2788375998695999,True,SLSQP
84,0.2,0.3,0.5,0.21373359876846362,3.622609711069279,4.0,0.7403564389468843,0.10375799167626157,0.772733630394861,0.3023870701323278,True,SLSQP
85,0.2,0.35,0.45,0.22760570669365454,4.5,4.0,0.7410930679626613,0.0855409820477599,0.7718156582976912,0.3134305685488007,True,SLSQP
86,0.2,0.4,0.4,0.22760539762418067,4.5,4.0,0.7410930679672499,0.08554094493033434,0.7718156514801082,0.31343228657259475,True,SLSQP
87,0.2,0.45,0.35,0.22760508852248068,4.5,4.0,0.7410930679721454,0.0855409078093104,0.771815644662624,0.3134340045917878,True,SLSQP
88,0.2,0.5,0.3,0.2276047794353297,4.5,4.0,0.7410930679773469,0.08554087069030546,0.7718156378462699,0.31343572260637986,True,SLSQP
89,0.2,0.55,0.25,0.22760447031755723,4.5,4.0,0.7410930679828551,0.08554083356789491,0.7718156310300504,0.3134374406163688,True,SLSQP
90,0.2,0.6,0.2,0.22760416112293844,4.5,4.0,0.7410930679886711,0.08554079643652768,0.771815624212946,0.31343915862175403,True,SLSQP
91,0.2,0.65,0.15,0.22760385194215413,4.5,4.0,0.7410930679947934,0.08554075930709376,0.7718156173969567,0.31344087662253584,True,SLSQP
92,0.2,0.7,0.1,0.22760354268483685,4.5,4.0,0.7410930680012235,0.08554072216874103,0.7718156105800904,0.31344259461871204,True,SLSQP
93,0.2,0.75,0.05,0.22760323404175858,4.5,4.0,0.7410930680079467,0.08554068510442281,0.7718156037775715,0.31344431261028455,True,SLSQP
94,0.2,0.8,0.0,0.2276029248132087,4.5,4.0,0.7410930680149889,0.08554064797006825,0.7718155969629582,0.31344603059725124,True,SLSQP
95,0.25,0.0,0.75,0.2389789139655895,3.2098506339919775,4.0,0.7329231632986423,0.12241449892501259,0.7768350187517862,0.23840172246007074,True,SLSQP
96,0.25,0.05,0.7,0.2389856499946351,3.200890651081115,4.0,0.7327948467951404,0.12282956517070265,0.7771409506138033,0.23600076364289133,True,SLSQP
97,0.25,0.1,0.65,0.23897041809830505,3.1910803663906577,4.0,0.7326566819978411,0.1232845535122124,0.7774894304676596,0.23341504416678632,True,SLSQP
98,0.25,0.15,0.6,0.22507441973541983,3.2104647850898234,4.0,0.7331395698897516,0.12049120363676803,0.777680865783148,0.2424875616892158,True,Powell_retry
99,0.25,0.2,0.55,0.22047943433622577,3.3344167560353686,4.0,0.7351701775845833,0.11462112823176014,0.7745270417597169,0.2806045380916983,True,SLSQP
100,0.25,0.25,0.5,0.21720483485041422,3.4314904735108005,4.0,0.7369231947350285,0.11052571992675903,0.7732264372134278,0.31351687452379157,True,SLSQP
101,0.25,0.3,0.45,0.2155800510702074,3.5154343411276296,4.0,0.7384413700017586,0.10739122567422268,0.772682398809628,0.3420224276920123,True,SLSQP
102,0.25,0.35,0.4,0.2138130224597871,3.587555835336335,4.0,0.739761786057662,0.10486053736155893,0.7726869963355708,0.3668162797764785,True,Powell_retry
103,0.25,0.4,0.35,0.21329743799201256,3.6549564549861255,4.0,0.7409114685200071,0.10274211397055172,0.7728731889240225,0.38840457773470466,True,SLSQP
104,0.25,0.45,0.3,0.22181597759650742,4.5,6.0,0.7345125126796815,0.09733295524323307,0.7902329026569737,0.3484646576330057,True,SLSQP
105,0.25,0.5,0.25,0.20130648848756497,4.5,6.0,0.736450932176519,0.09368501957439694,0.7921680433654005,0.3208565951612607,True,SLSQP
106,0.25,0.55,0.2,0.19221923873761146,4.5,6.0,0.7376638200150818,0.09241057006670071,0.7938074950732141,0.3274471644763842,True,SLSQP
107,0.25,0.6,0.15,0.18683994811651997,4.5,6.0,0.7384675246666609,0.09173802886138774,0.7949566442755412,0.34253288848394514,True,SLSQP
108,0.25,0.65,0.1,0.18185332887693031,4.5,6.0,0.7392633285225315,0.09116267774387851,0.7961229891119515,0.3574695426516544,True,SLSQP
109,0.25,0.7,0.05,0.17718450928771273,4.499999996528413,6.0,0.740048528344051,0.0906616977879119,0.7972912964880295,0.37220634586745077,True,SLSQP
110,0.25,0.75,0.0,0.17278013872090786,4.5,6.0,0.7408213625134904,0.09021900118796727,0.7984512319744894,0.3867102174860389,True,SLSQP
111,0.3,0.0,0.7,0.23948122125761634,3.1761350968498365,4.0,0.7324537286591831,0.12407122034253792,0.7780374208518945,0.2755042918496549,True,SLSQP
112,0.3,0.05,0.65,0.23979323384384782,3.165631464309428,4.0,0.7323145890393155,0.12462312857169307,0.7784416450734781,0.2723778889101431,True,SLSQP
113,0.3,0.1,0.6,0.24097859261906515,3.153683438926299,4.0,0.7321663644198981,0.1253938055151587,0.7789078213121199,0.26904705534437623,True,SLSQP
114,0.3,0.15,0.55,0.2352435312406848,3.144892248011263,4.0,0.7320576429515879,0.12492897650923453,0.7794871279460207,0.2666983222529401,True,SLSQP
115,0.3,0.2,0.5,0.2232902004364809,3.255909786098555,4.0,0.7338495335695344,0.1182457082168296,0.7763156975523711,0.306970231893398,True,SLSQP
116,0.3,0.25,0.45,0.2197592944021353,3.3517625866238,4.0,0.735480482575387,0.11384699680923659,0.7742377659103759,0.34371310861532856,True,SLSQP
117,0.3,0.3,0.4,0.2170733867532726,3.4311524090328605,4.0,0.7369232886460287,0.11052591404838046,0.7732447808277189,0.37622059895844306,True,Powell_retry
118,0.3,0.35,0.35,0.21579284627660286,3.502199386661683,4.0,0.7382029398341902,0.10786485734866637,0.7727337522018006,0.40505340583865707,True,SLSQP
119,0.3,0.4,0.3,0.22493120924599883,4.5,6.0,0.7343297373535506,0.09799566116462946,0.7901950866323693,0.34775245447853714,True,SLSQP
120,0.3,0.45,0.25,0.21639182389632966,4.5,6.0,0.7349053177094037,0.09625179996996135,0.7904721618819116,0.3307753770448661,True,SLSQP
121,0.3,0.5,0.2,0.20951787289721263,4.5,6.0,0.7355311966166188,0.09500625229403416,0.7910690749558401,0.3448731822211616,True,SLSQP
122,0.3,0.55,0.15,0.20350238794181294,4.5,6.0,0.7361876700795883,0.09402163908621258,0.7918359811441099,0.3596601595569241,True,SLSQP
123,0.3,0.6,0.1,0.19810027542107028,4.5,6.0,0.7368567954342182,0.09321419243132383,0.7926994796710046,0.37473180010289064,True,SLSQP
124,0.3,0.65,0.05,0.19316095183493148,4.5,6.0,0.7375293807592104,0.09253426683539773,0.7936191395854217,0.3898808782814384,True,SLSQP
125,0.3,0.7,0.0,0.18858489726377697,4.5,6.0,0.7382003262249031,0.09195002169769961,0.7945707321319704,0.40499242655207857,True,SLSQP
126,0.35,0.0,0.65,0.2403384720087554,3.143057425178405,4.0,0.7320256589151014,0.1258071314867089,0.7793652259551658,0.31016835747877636,True,SLSQP
127,0.35,0.05,0.6,0.23998873394798495,3.131236549014087,4.0,0.7318771513504296,0.1263333397433731,0.7798934357896755,0.30627346317316606,True,SLSQP
128,0.35,0.1,0.55,0.24086625929897726,3.1173859371099315,4.0,0.7317154174778966,0.12716860080553954,0.7805076437711254,0.3020311826483645,True,SLSQP
129,0.35,0.15,0.5,0.24124654347816604,3.102082758928077,4.0,0.7315410139425879,0.1280065056789112,0.7812341127302279,0.2974561057846038,True,SLSQP
130,0.35,0.2,0.45,0.22602082056756861,3.1894545886274406,4.0,0.7328252086161063,0.12157747568899323,0.7783907999956542,0.3312060367570348,True,SLSQP
131,0.35,0.25,0.4,0.22215848889009948,3.2855011890134076,4.0,0.7343361835056079,0.11683922629721198,0.7755635912958816,0.3709181182619516,True,SLSQP
132,0.35,0.3,0.35,0.22493196750045474,4.5,6.0,0.7343296967928736,0.0979958263049404,0.7901950866267188,0.40569789275287677,True,SLSQP
133,0.35,0.35,0.3,0.23759284821634388,4.5,6.0,0.7339344262247921,0.10102934888074636,0.7908633723048766,0.3603788059910757,True,SLSQP
134,0.35,0.4,0.25,0.236815920921653,4.5,6.0,0.7339417669059927,0.10082660936611741,0.7907819480139028,0.36056987740922664,True,SLSQP
135,0.35,0.45,0.2,0.22725532119284375,4.5,6.0,0.7342145712075578,0.09851078073042946,0.790216606185511,0.36773480543441944,True,SLSQP
136,0.35,0.5,0.15,0.21969874598800979,4.5,6.0,0.734654792082854,0.09690017910947547,0.790300721378345,0.3793018349926869,True,SLSQP
137,0.35,0.55,0.1,0.21331882368820984,4.5,6.0,0.7351680291943727,0.09567838517864982,0.7907001676274887,0.3927884981990457,True,SLSQP
138,0.35,0.6,0.05,0.20772474744231195,4.5,6.0,0.735716664332177,0.09470287428528276,0.7912749474718215,0.4072055265237184,True,SLSQP
139,0.35,0.65,0.0,0.2026973617685182,4.5,6.0,0.7362827631152661,0.09389686461364316,0.7919546143330928,0.42208128623667907,True,SLSQP
140,0.4,0.0,0.6,0.24121975124574427,3.1098886588450068,4.0,0.7316300982642713,0.1276054068139943,0.7808550781303799,0.34259389386155054,True,SLSQP
141,0.4,0.05,0.55,0.24263337390653297,3.095210918576452,4.0,0.7314755951380384,0.12859238261006395,0.7815454415552343,0.3379615532978077,True,SLSQP
142,0.4,0.1,0.5,0.2416780504210315,3.079886568009904,4.0,0.7313014757664718,0.12922265792164725,0.7823551576039259,0.33274009263636756,True,SLSQP
143,0.4,0.15,0.45,0.24000442413179296,3.0629998815976696,4.0,0.7311246345429678,0.12983291479408798,0.7833419243660396,0.32743707298635194,True,SLSQP
144,0.4,0.2,0.4,0.2286844802946539,3.1307042822180002,4.0,0.7320154656601441,0.1247378099551325,0.7807015346367664,0.3541943259895459,True,SLSQP
145,0.4,0.25,0.35,0.22438370868702062,3.228151337057115,4.0,0.7334097165970241,0.11960592836740352,0.7771173019968309,0.396072513895011,True,SLSQP
146,0.4,0.3,0.3,0.23964793857067895,4.5,6.0,0.7339261972176427,0.1015766186914877,0.7911057263361843,0.41160110730807226,True,SLSQP
147,0.4,0.35,0.25,0.23964786285850115,4.5,6.0,0.7339261972190062,0.10157659823272261,0.7911057166787225,0.4115996686301391,True,SLSQP
148,0.4,0.4,0.2,0.23964778623978292,4.5,6.0,0.7339261972204089,0.10157657752901673,0.7911057069056823,0.4115982299515231,True,SLSQP
149,0.4,0.45,0.15,0.23823501563886829,4.5,6.0,0.7339301027321053,0.10119863597493003,0.7909348744592583,0.4117133371341514,True,SLSQP
150,0.4,0.5,0.1,0.2294074433581666,4.5,6.0,0.7341245264712387,0.09900401907908413,0.7902757104105705,0.41754816425635916,True,SLSQP
151,0.4,0.55,0.05,0.22236444758124052,4.5,6.0,0.734478015310217,0.09744736861588488,0.7902208269586175,0.42816255031984113,True,SLSQP
152,0.4,0.6,0.0,0.21639182367492332,4.5,6.0,0.7349053177273077,0.09625179992765165,0.7904721618959947,0.44099462696321606,True,SLSQP
153,0.45,0.0,0.55,0.24164538650249057,3.0761145012372246,4.0,0.7312618351449796,0.12941397743942357,0.7825566618630718,0.372971016289692,True,SLSQP
154,0.45,0.05,0.5,0.24135848211435937,3.059904743575592,4.0,0.7310971896286147,0.13021968893844785,0.7834569004640825,0.36741592709058646,True,SLSQP
155,0.45,0.1,0.45,0.24138800240579053,3.0411419491363243,4.0,0.7309213243108156,0.13122916552974828,0.7845438081347891,0.3614819839062339,True,SLSQP
156,0.45,0.15,0.4,0.24235216867679074,3.0186335461573957,4.0,0.7307319440101921,0.1326203254609099,0.7858843052731925,0.35509181000866735,True,SLSQP
157,0.45,0.2,0.35,0.23123324966701342,3.0765984337216783,4.0,0.731369689902898,0.12782389899680918,0.7832705701893655,0.37664175738669925,True,Powell_retry
158,0.45,0.25,0.3,0.22659983624949084,3.177299060847365,4.0,0.7326480670511565,0.12221995755652264,0.7788256712639747,0.4198382744316478,True,SLSQP
159,0.45,0.3,0.25,0.22325224401225272,3.2558148416244164,4.0,0.7338495343015012,0.11824570990581365,0.7763228723120968,0.4604411282130609,True,SLSQP
160,0.45,0.35,0.2,0.23964868307968992,4.5,6.0,0.7339261972054266,0.10157681987211864,0.7911058213048633,0.4630356838511694,True,SLSQP
161,0.45,0.4,0.15,0.2396486137174693,4.5,6.0,0.7339261972064733,0.10157680112902484,0.7911058124568804,0.46303424517995057,True,SLSQP
162,0.45,0.45,0.1,0.2396485473417753,4.5,6.0,0.7339261972074925,0.10157678319296903,0.7911058039899073,0.46303280650811707,True,SLSQP
163,0.45,0.5,0.05,0.23938655780066606,4.5,6.0,0.7339263351617189,0.10150611998426992,0.7910727080105574,0.4630358912836649,True,SLSQP
164,0.45,0.55,0.0,0.23117673210326486,4.5,6.0,0.7340627202249642,0.09942148360721707,0.7903532748260933,0.4676395696054821,True,SLSQP
165,0.5,0.0,0.5,0.24215138248966378,3.040630358551617,4.0,0.7309198766907743,0.1313852802637638,0.7845420811798175,0.4015699858324439,True,SLSQP
166,0.5,0.05,0.45,0.2408232801168423,3.022088930596603,4.0,0.7307567595559085,0.13217372378324785,0.78574315142662,0.3954543232066233,True,SLSQP
167,0.5,0.1,0.4,0.24132691793729993,3.0,4.0,0.7305861440747441,0.13348424793664065,0.7871540864161942,0.3890573374720822,True,SLSQP
168,0.5,0.15,0.35,0.2373808817502174,3.2427811941869447,6.0,0.7305806887240485,0.13529692331057477,0.78943067986093,0.38886409428188917,True,SLSQP
169,0.5,0.2,0.3,0.23401140735470294,3.025725735357165,4.0,0.7308567800565954,0.13092914965989214,0.786066250541508,0.399227358625778,True,SLSQP
170,0.5,0.25,0.25,0.22852014418606376,3.130287764344932,4.0,0.7320154843990913,0.12473788722383315,0.7807399309555386,0.4427296401220104,True,Powell_retry
171,0.5,0.3,0.2,0.18645541586736827,3.6971490197371106,10.0,0.7327044665002866,0.11899336024017089,0.8089669024035966,0.46863709400037534,True,SLSQP
172,0.5,0.35,0.15,0.24181066852674632,4.4999999999660085,8.0,0.7334515465257154,0.11506155834632359,0.8138127567862364,0.4966865686320981,True,Powell_retry
173,0.5,0.4,0.1,0.23964927733208424,4.5,6.0,0.7339261971972293,0.10157698045205354,0.7911058971107433,0.5144702603358969,True,SLSQP
174,0.5,0.45,0.05,0.23964921640976644,4.5,6.0,0.7339261971980062,0.10157696398945451,0.7911058893390269,0.5144688216700407,True,SLSQP
175,0.5,0.5,0.0,0.23964915518027022,4.499999999999999,6.0,0.7339261971988018,0.10157694744386325,0.79110588152816,0.5144673830036413,True,SLSQP
176,0.55,0.0,0.45,0.24149667778650807,3.0032762376751805,4.0,0.7306102483926354,0.13332902038547492,0.7869251925384115,0.42893607899975467,True,SLSQP
177,0.55,0.05,0.4,0.24132699868484336,3.0,4.0,0.7305861440749681,0.13348426139880215,0.7871540815686434,0.42794667059005786,True,SLSQP
178,0.55,0.1,0.35,0.2379799589366247,3.2033868855835927,6.0,0.7303015340239563,0.1372692292635611,0.7906717951138309,0.4162051915592238,True,SLSQP
179,0.55,0.15,0.3,0.23854938975284176,3.1413496999724884,6.0,0.7299652186766064,0.14041822665565043,0.793083809579507,0.40232469009841976,True,SLSQP
180,0.55,0.2,0.25,0.22732136283058052,3.2084704753444786,6.0,0.7304962794303885,0.13437039499988943,0.790991560767659,0.42425818694549583,True,SLSQP
181,0.55,0.25,0.2,0.20172854407635868,3.627781934784564,10.0,0.7289960587202241,0.12509969693545384,0.8072038165794034,0.4460409896639924,True,SLSQP
182,0.55,0.3,0.15,0.18093879365633833,3.615186324555251,10.0,0.7318590040228142,0.12008716260778411,0.8089968018840735,0.4805579559453195,True,SLSQP
183,0.55,0.35,0.1,0.18110821920812845,3.6790419886381653,10.0,0.733230183791525,0.11824523725851796,0.8093573072165938,0.5371906152494103,True,SLSQP
184,0.55,0.4,0.05,0.2386661124095037,4.5,8.0,0.733557001674486,0.11389773676143403,0.8133558550069363,0.5506810636830503,True,SLSQP
185,0.55,0.45,0.0,0.23964976370906343,4.5,6.0,0.7339261971915462,0.10157711188271147,0.7911059591579637,0.5659048367781628,True,SLSQP
186,0.6,0.0,0.4,0.2377232182315835,3.222448189510897,6.0,0.7304306786427611,0.13631506392541168,0.7900444626785506,0.4598377761285279,True,SLSQP
187,0.6,0.05,0.35,0.2383160110983997,3.1682781332959324,6.0,0.7300946199346122,0.13903314174892598,0.7919654964421552,0.4447044026930889,True,SLSQP
188,0.6,0.1,0.3,0.23866523000856787,3.1063163151837063,6.0,0.729837706531894,0.14222054409222795,0.7947156985595357,0.43313894391934255,True,SLSQP
189,0.6,0.15,0.25,0.23881668181388546,3.0393072362924354,6.0,0.7297367942536759,0.14581564548986747,0.7984203576046454,0.4286042883027092,True,SLSQP
190,0.6,0.2,0.2,0.21728448053670227,3.3746466887982565,8.0,0.7298170236589744,0.13546416924719445,0.8061062147420046,0.432226000271345,True,SLSQP
191,0.6,0.25,0.15,0.18668758650111666,3.5594312032500204,10.0,0.7297380339609943,0.12318773101997733,0.8083017725706839,0.4286575170655782,True,SLSQP
192,0.6,0.3,0.1,0.1843298969166147,3.6080597998024353,10.0,0.7311331147588975,0.12109282023583709,0.8086001693809329,0.4915169479444633,True,SLSQP
193,0.6,0.35,0.05,0.18229189878467733,3.652567091007634,10.0,0.7324394331881026,0.11928216057604339,0.8090322809009756,0.5503760665488524,True,SLSQP
194,0.6,0.4,0.0,0.1805346690165367,3.694176102489857,10.0,0.7336690846288243,0.11768662696748115,0.8095539997144953,0.6057798372309465,True,SLSQP
195,0.65,0.0,0.35,0.23856654809636454,3.1361805049414455,6.0,0.7299433951733166,0.14068049847731054,0.7933120483095537,0.4743676694662806,True,SLSQP
196,0.65,0.05,0.3,0.23883197642201479,3.073372853896851,6.0,0.72976357449653,0.14398535272161325,0.7964348519306835,0.46560090218837674,True,SLSQP
197,0.65,0.1,0.25,0.23881711252399757,3.0392980077815848,6.0,0.7297367942293428,0.14581626807375836,0.798420900842487,0.46430196403568197,True,SLSQP
198,0.65,0.15,0.2,0.2329509547141347,3.356394639743315,8.0,0.7290409273371052,0.14111741835918978,0.8059573234004659,0.4303433085263703,True,SLSQP
199,0.65,0.2,0.15,0.19119527122139068,3.4926567399134267,10.0,0.7277507224396599,0.12654538567014445,0.8081153945105366,0.36735235901290747,True,SLSQP
200,0.65,0.25,0.1,0.1873578483601849,3.5367246472326817,10.0,0.72917473097291,0.12409161984332207,0.8082813713320164,0.43686328923699586,True,SLSQP
201,0.65,0.3,0.05,0.18548858090874812,3.587093372431597,10.0,0.7305011281845989,0.12201894084946915,0.8084310934327562,0.5016085768074622,True,SLSQP
202,0.65,0.35,0.0,0.18299841013229665,3.626261533468243,10.0,0.7317463281453854,0.12022698965790277,0.8088119381225832,0.5623895969470477,True,SLSQP
203,0.7,0.0,0.3,0.2388264908654197,3.0419750102895753,6.0,0.7297369695876885,0.14567255378797717,0.7982568161519187,0.5000042478130875,True,SLSQP
204,0.7,0.05,0.25,0.2388174820303809,3.039290023658107,6.0,0.7297367942118016,0.14581680585729476,0.7984213710076833,0.4999996395862005,True,SLSQP
205,0.7,0.1,0.2,0.21700027957622928,3.536142175986931,10.0,0.7257106648342937,0.13292197008298734,0.8064618079889121,0.4366665866069955,True,SLSQP
206,0.7,0.15,0.15,0.21700075710057198,3.536124501165822,10.0,0.7257103118150736,0.13292272304211353,0.8064618081282767,0.3275226566296092,True,SLSQP
207,0.7,0.2,0.1,0.1911733038726571,3.469557622778188,10.0,0.7273239469668702,0.12734516485124323,0.8083214126564913,0.37315770580019514,True,SLSQP
208,0.7,0.25,0.05,0.18904299956766882,3.5245345410630167,10.0,0.7286780591092088,0.12491546168467745,0.8081495781508397,0.4443413347798636,True,SLSQP
209,0.7,0.3,0.0,0.18655563911363374,3.568424820886077,10.0,0.7299433023574198,0.12286735710595785,0.8083088514411273,0.510852610208567,True,SLSQP
210,0.75,0.0,0.25,0.23118804231831183,3.409466137560486,8.0,0.7295790530681613,0.1384280656767296,0.8052545919714836,0.5268230010295379,True,SLSQP
211,0.75,0.05,0.2,0.2170020434702963,3.5361285423176456,10.0,0.7257102891253523,0.1329230442074548,0.8064618081280152,0.43665830512807874,True,SLSQP
212,0.75,0.1,0.15,0.2170031067259502,3.536106395073418,10.0,0.725709812347206,0.1329241520544327,0.8064618083473868,0.32751437482620593,True,SLSQP
213,0.75,0.15,0.1,0.19715918000880905,3.4129194790535946,10.0,0.7255496589963718,0.13100922405871746,0.8084493032625814,0.29986014806266037,True,Powell_retry
214,0.75,0.2,0.05,0.1933803209148433,3.4654058255901794,10.0,0.7269444582511015,0.12807045675522183,0.808134922746193,0.3784210697952929,True,SLSQP
215,0.75,0.25,0.0,0.18979280518404382,3.5075809394003477,10.0,0.7282373141303797,0.12567550477117756,0.808159869127539,0.451239461930132,True,SLSQP
216,0.8,0.0,0.2,0.21700380814902276,3.5361148764042616,10.0,0.7257099127949476,0.132924119694396,0.8064618082940916,0.43665002331241165,True,SLSQP
217,0.8,0.05,0.15,0.217159696545486,3.5349400043828956,10.0,0.7256773126040125,0.13301813244051483,0.8064619254582043,0.32750702060075,True,SLSQP
218,0.8,0.1,0.1,0.21839264246803533,3.435655902724345,10.0,0.7239112374225293,0.13691488354789327,0.806945624535285,0.2213988258349779,True,SLSQP
219,0.8,0.15,0.05,0.19839846403851383,3.4052432465326445,10.0,0.72527472321326,0.13164516041329594,0.8084560938433276,0.30331740018616427,True,SLSQP
220,0.8,0.2,0.0,0.19439075113355972,3.454059449093991,10.0,0.7266062685076595,0.12874504473499476,0.8081570468616118,0.38331578394670285,True,SLSQP
221,0.85,0.0,0.15,0.2183145147862039,3.521640500830712,10.0,0.7253584289083125,0.1338730551654754,0.80647355937003,0.32760654128569605,True,SLSQP
222,0.85,0.05,0.1,0.22444431891999747,3.4425090330520227,10.0,0.723693754236172,0.1389207553371744,0.8069378657477692,0.2213392715599743,True,SLSQP
223,0.85,0.1,0.05,0.2033381493019662,3.3320408850642114,10.0,0.7236393765634318,0.13594947944074215,0.8095508633138758,0.21786806509572668,True,Powell_retry
224,0.85,0.15,0.0,0.19867652800586497,3.3918498832886117,10.0,0.725027945542943,0.13223208714996337,0.8086661028904181,0.3065073177348245,True,SLSQP
225,0.9,0.0,0.1,0.22480581492806548,3.431696846327552,10.0,0.7235109873594525,0.1394560393896288,0.8070433888618791,0.2219922624826859,True,SLSQP
226,0.9,0.05,0.05,0.21630248404438948,3.285996802860168,10.0,0.7220032650801956,0.14208373008557923,0.8099292355469785,0.12009342406927508,True,SLSQP
227,0.9,0.1,0.0,0.2042933327423236,3.3270333763500606,10.0,0.7234763016578356,0.13644209820033898,0.8095957122383695,0.2196475427965515,True,SLSQP
228,0.95,0.0,0.05,0.2297369812700221,3.321917273381824,10.0,0.7218646890299407,0.1456945619822635,0.8089041827312052,0.1168543245743034,True,SLSQP
229,0.95,0.05,0.0,0.2117563035007741,3.2478403521162944,10.0,0.7219124210879573,0.14218207163451563,0.8114721337985125,0.12026022307731037,True,SLSQP
230,1.0,0.0,0.0,0.232,3.0675,10.0,0.720227030892114,0.15852451715294014,0.8194244009976133,0.0,True,SLSQP
