seed,N,generation,min_R,min_P,min_U
202601,2,1,0.7366990144716602,0.07914205202299154,0.7849210084034642
202601,2,11,0.7357867406407563,0.07630515382727862,0.7794294144770917
202601,2,21,0.7357866296011811,0.07626733414133674,0.7793393296880344
202601,2,31,0.7357866295066822,0.07604340619659103,0.7790271660753818
202601,2,41,0.7357866295066822,0.07604258874474194,0.7790240590488059
202601,2,50,0.7357866295066822,0.07603979190770968,0.7790228758329141
202601,4,1,0.7307528780993965,0.08107696218151529,0.7718930950737193
202601,4,11,0.73058631663575,0.0803730898653527,0.7718085935952211
202601,4,21,0.7305861480278971,0.0803730898653527,0.7717908828434652
202601,4,31,0.7305861480278971,0.0803730898653527,0.7717866737850468
202601,4,41,0.7305861480278971,0.0803730898653527,0.7717866737850468
202601,4,50,0.7305861480278971,0.0803730898653527,0.7717866250796219
202601,6,1,0.7297633728507679,0.09183350987797233,0.7861339893594915
202601,6,11,0.7297405416065843,0.08659064836436176,0.7857730976841558
202601,6,21,0.7297381040117003,0.08423031629596314,0.785772886638972
202601,6,31,0.7297376735778582,0.08423031629596314,0.785772886638972
202601,6,41,0.7297376735778582,0.08423031629596314,0.785772886638972
202601,6,50,0.7297376735778582,0.08423031629596314,0.785772886638972
202601,8,1,0.7278550668694163,0.0935586609099218,0.8052973363260987
202601,8,11,0.727811687506857,0.0886106334225494,0.8046958192445572
202601,8,21,0.7278115997732428,0.0886106334225494,0.8046856833029574
202601,8,31,0.7278115997732428,0.0886106334225494,0.8046856833029574
202601,8,41,0.7278115997732428,0.0886106334225494,0.8046856833029574
202601,8,50,0.7278115997732428,0.0886106334225494,0.8046856833029574
202601,10,1,0.7216666684444581,0.09125798164891145,0.8064859673790116
202601,10,11,0.7202400129169317,0.08846360771333533,0.806470991963198
202601,10,21,0.7202310557080084,0.08846360771333533,0.806470991963198
202601,10,31,0.7202281699470584,0.08846360771333533,0.8064634906394569
202601,10,41,0.7202275524668174,0.08846360771333533,0.8064634906394569
202601,10,50,0.7202275524668174,0.08846360771333533,0.8064625928324994
202602,2,1,0.7371216880565343,0.07687890601019229,0.7806488933891912
202602,2,11,0.7357866340862086,0.07604028420740311,0.7790228912059549
202602,2,21,0.7357866332991746,0.07603980668524363,0.7790228739408064
202602,2,31,0.7357866299179994,0.07603979193190183,0.7790228739408064
202602,2,41,0.735786629491429,0.07603979170645053,0.7790228739408064
202602,2,50,0.735786629491429,0.07603979170645053,0.7790228739408064
202602,4,1,0.73086599135889,0.08187971041578762,0.7719760500033902
202602,4,11,0.7305862512995107,0.0803730898653527,0.7717947630383506
202602,4,21,0.7305861590370829,0.0803730898653527,0.7717866765169682
202602,4,31,0.7305861590370829,0.0803730898653527,0.7717866270635372
202602,4,41,0.7305861459922208,0.0803730898653527,0.7717866270635372
202602,4,50,0.7305861459922208,0.0803730898653527,0.7717866270635372
202602,6,1,0.7307281978877576,0.08462452257226699,0.7859108850489516
202602,6,11,0.7297634348439617,0.08423031629596314,0.7857755133557692
202602,6,21,0.7297377133077877,0.08423031629596314,0.7857733440022908
202602,6,31,0.7297376193335136,0.08423031629596314,0.7857733440022908
202602,6,41,0.7297376193335136,0.08423031629596314,0.7857732477010527
202602,6,50,0.7297375172247704,0.08423031629596314,0.7857732477010527
202602,8,1,0.7279252418172302,0.0898261608410996,0.8048570991114307
202602,8,11,0.7278215020945248,0.0886106334225494,0.8046876427206175
202602,8,21,0.7278212372719521,0.0886106334225494,0.8046876427206175
202602,8,31,0.7278149662012524,0.0886106334225494,0.8046856807009996
202602,8,41,0.7278121274655996,0.0886106334225494,0.8046856807009996
202602,8,50,0.7278121274655996,0.0886106334225494,0.8046837144240592
202602,10,1,0.7204578380497467,0.09020482577691115,0.8064645994151373
202602,10,11,0.7202278809197346,0.08846360771333533,0.8064628480519043
202602,10,21,0.7202278809197346,0.08846360771333533,0.8064627152892652
202602,10,31,0.7202278809197346,0.08846360771333533,0.8064627152892652
202602,10,41,0.7202278809197346,0.08846360771333533,0.8064627152892652
202602,10,50,0.7202278809197346,0.08846360771333533,0.8064627152892652
202603,2,1,0.7385973131776565,0.07618076784660927,0.7791780617913269
202603,2,11,0.735787734388962,0.07604023865790893,0.7790228732018154
202603,2,21,0.7357873460590463,0.07603982144931098,0.7790228732018154
202603,2,31,0.7357866661520926,0.07603979266220146,0.7790228732018154
202603,2,41,0.7357866384529079,0.07603979266220146,0.7790228732018154
202603,2,50,0.7357866301054689,0.07603979266220146,0.7790228732018154
202603,4,1,0.7311836851218866,0.08191644404130813,0.7721668103988646
202603,4,11,0.7305915513665265,0.0803730898653527,0.7718499327474801
202603,4,21,0.730586354966827,0.0803730898653527,0.771820954449366
202603,4,31,0.7305861845418009,0.0803730898653527,0.771787849305831
202603,4,41,0.730586146474951,0.0803730898653527,0.7717876958108485
202603,4,50,0.7305861440737809,0.0803730898653527,0.7717871478664611
202603,6,1,0.7300258274503899,0.08962097150155109,0.7871990714960196
202603,6,11,0.7297418313271612,0.08423031629596314,0.7857808204274865
202603,6,21,0.7297384989770311,0.08423031629596314,0.7857808204274865
202603,6,31,0.7297372646468545,0.08423031629596314,0.7857735082849887
202603,6,41,0.7297372646468545,0.08423031629596314,0.7857735082849887
202603,6,50,0.729737093587923,0.08423031629596314,0.7857729088277843
202603,8,1,0.7295946358643416,0.09139176842495148,0.804703744308626
202603,8,11,0.7278197876477825,0.0886106334225494,0.8046861069358133
202603,8,21,0.7278114406758077,0.0886106334225494,0.8046852287236058
202603,8,31,0.7278114406758077,0.0886106334225494,0.8046852287236058
202603,8,41,0.7278114406758077,0.0886106334225494,0.8046839052547365
202603,8,50,0.7278114406758077,0.0886106334225494,0.8046839052547365
202603,10,1,0.7204337124979332,0.09236714845652477,0.8066145855764751
202603,10,11,0.720230800545297,0.08846360771333533,0.8064757181613603
202603,10,21,0.7202285138254126,0.08846360771333533,0.8064700480883366
202603,10,31,0.7202285138254126,0.08846360771333533,0.8064621780871665
202603,10,41,0.7202285138254126,0.08846360771333533,0.8064621780871665
202603,10,50,0.7202285138254126,0.08846360771333533,0.8064621780871665
202604,2,1,0.7368288173744962,0.07735154936450406,0.782536268310877
202604,2,11,0.7358167835084861,0.0760398180321516,0.779037055401307
202604,2,21,0.7357872703005411,0.0760398180321516,0.7790232734945187
202604,2,31,0.735786646357177,0.07603979235713576,0.7790228745905221
202604,2,41,0.735786646357177,0.07603979172993477,0.7790228745905221
202604,2,50,0.735786646357177,0.07603979172993477,0.7790228745905221
202604,4,1,0.7320110497159316,0.08175442307134775,0.7718510073458249
202604,4,11,0.7305862602521678,0.0803730898653527,0.7717868004157559
202604,4,21,0.7305861451464057,0.0803730898653527,0.7717866254595321
202604,4,31,0.7305861451464057,0.0803730898653527,0.7717866254595321
202604,4,41,0.7305861451464057,0.0803730898653527,0.7717866254595321
202604,4,50,0.7305861451464057,0.0803730898653527,0.7717866254595321
202604,6,1,0.7297582432051128,0.08940844998041825,0.7857913535163907
202604,6,11,0.7297433428906881,0.08474322237315819,0.7857735758971965
202604,6,21,0.7297384855345397,0.08423031629596314,0.7857735758971965
202604,6,31,0.7297380543117572,0.08423031629596314,0.7857735758971965
202604,6,41,0.7297375892670463,0.08423031629596314,0.7857729102074592
202604,6,50,0.7297373439496155,0.08423031629596314,0.7857729102074592
202604,8,1,0.7278604094936019,0.09370973748028515,0.8050796362655461
202604,8,11,0.7278252411655871,0.0886106334225494,0.804688879039477
202604,8,21,0.7278150910583959,0.0886106334225494,0.8046838155664938
202604,8,31,0.7278120497907639,0.0886106334225494,0.8046838155664938
202604,8,41,0.7278120497907639,0.0886106334225494,0.8046838105132053
202604,8,50,0.7278120497907639,0.0886106334225494,0.8046838105132053
202604,10,1,0.7207867653637511,0.09336768893561256,0.806679372870198
202604,10,11,0.7202469997519422,0.08846360771333533,0.806472086866239
202604,10,21,0.7202343880898647,0.08846360771333533,0.806472086866239
202604,10,31,0.7202270973219069,0.08846360771333533,0.8064673161064153
202604,10,41,0.7202270440784924,0.08846360771333533,0.8064618709445955
202604,10,50,0.7202270440784924,0.08846360771333533,0.8064618306268433
202605,2,1,0.736402248314863,0.07768292735262855,0.7835426639577519
202605,2,11,0.7357866343096782,0.07604110680442366,0.779025209761457
202605,2,21,0.7357866343096782,0.07604110680442366,0.7790246265025835
202605,2,31,0.7357866343096782,0.07604040812017203,0.779023935652748
202605,2,41,0.7357866295398207,0.0760397917397492,0.7790228738414599
202605,2,50,0.7357866295398207,0.0760397917397492,0.7790228738414599
202605,4,1,0.7307114257775225,0.08414667348100044,0.7725556595939574
202605,4,11,0.7305861685452448,0.0804257692238971,0.771786736615149
202605,4,21,0.7305861446250249,0.0803730898653527,0.771786736615149
202605,4,31,0.7305861446250249,0.0803730898653527,0.7717866763338526
202605,4,41,0.7305861446250249,0.0803730898653527,0.7717866763338526
202605,4,50,0.7305861446250249,0.0803730898653527,0.7717866763338526
202605,6,1,0.7301685464654892,0.08571644686623335,0.7863594665755886
202605,6,11,0.729781449620988,0.08423031629596314,0.785775656305214
202605,6,21,0.7297456007974856,0.08423031629596314,0.7857740892891321
202605,6,31,0.7297399117869212,0.08423031629596314,0.7857740892891321
202605,6,41,0.7297399117869212,0.08423031629596314,0.7857735966858188
202605,6,50,0.7297387313515694,0.08423031629596314,0.7857731571842558
202605,8,1,0.7278693640863292,0.09235887841495655,0.8047246686286281
202605,8,11,0.727820627266288,0.0886106334225494,0.8046898174017063
202605,8,21,0.7278193011401958,0.0886106334225494,0.8046898174017063
202605,8,31,0.7278135855188176,0.0886106334225494,0.8046898174017063
202605,8,41,0.727811760415976,0.0886106334225494,0.8046875942456886
202605,8,50,0.727811760415976,0.0886106334225494,0.8046843592365542
202605,10,1,0.720368264215225,0.09075094726307384,0.8066418519517522
202605,10,11,0.7202431447759085,0.08846360771333533,0.8064946747826446
202605,10,21,0.7202278998974108,0.08846360771333533,0.8064686211100552
202605,10,31,0.7202278998974108,0.08846360771333533,0.8064686211100552
202605,10,41,0.7202278998974108,0.08846360771333533,0.8064671547134568
202605,10,50,0.7202278998974108,0.08846360771333533,0.8064628789038331
202606,2,1,0.7361137713212488,0.0760630382030857,0.7790278940604036
202606,2,11,0.7357866450847617,0.07604246907090498,0.7790231634637289
202606,2,21,0.7357866303003151,0.07603992234181708,0.7790229349600061
202606,2,31,0.7357866303003151,0.07603992234181708,0.779022926962622
202606,2,41,0.7357866295621542,0.07603992234181708,0.7790228780431183
202606,2,50,0.7357866295621542,0.07603979169323385,0.779022873712221
202606,4,1,0.7315988266783608,0.08167410248439405,0.7718525912038641
202606,4,11,0.7305861730475884,0.0803730898653527,0.771845530330153
202606,4,21,0.7305861620369545,0.0803730898653527,0.7717951272317309
202606,4,31,0.730586156681245,0.0803730898653527,0.7717867117857304
202606,4,41,0.730586156681245,0.0803730898653527,0.7717867117857304
202606,4,50,0.7305861451499404,0.0803730898653527,0.7717867117857304
202606,6,1,0.7309632064847372,0.08442404262161984,0.7865944040015537
202606,6,11,0.7297447262863294,0.08423031629596314,0.785788592559381
202606,6,21,0.7297402539797284,0.08423031629596314,0.7857803027366062
202606,6,31,0.7297397808719658,0.08423031629596314,0.7857800299693477
202606,6,41,0.7297394866880453,0.08423031629596314,0.7857800299693477
202606,6,50,0.729737249443426,0.08423031629596314,0.7857728685822732
202606,8,1,0.7278429869155352,0.09027383946267507,0.804688770289184
202606,8,11,0.7278118564660487,0.0886106334225494,0.8046873287663875
202606,8,21,0.7278118564660487,0.0886106334225494,0.8046872226631626
202606,8,31,0.7278118564660487,0.0886106334225494,0.8046872226631626
202606,8,41,0.7278116379691472,0.0886106334225494,0.8046838616639054
202606,8,50,0.7278116379691472,0.0886106334225494,0.8046838616639054
202606,10,1,0.7204243996029376,0.09114880168790858,0.806621049120517
202606,10,11,0.7202317698582096,0.08846360771333533,0.8065099436357398
202606,10,21,0.7202281844221656,0.08846360771333533,0.8064728085761393
202606,10,31,0.7202273890207056,0.08846360771333533,0.8064672108232757
202606,10,41,0.7202270652235744,0.08846360771333533,0.8064626793281343
202606,10,50,0.7202270652235744,0.08846360771333533,0.8064626793281343
202607,2,1,0.7377512266931389,0.07755545303192957,0.7826927501525361
202607,2,11,0.7357868740047875,0.07603982039935028,0.779035411717963
202607,2,21,0.7357866318192429,0.07603979466281507,0.7790228733563836
202607,2,31,0.7357866301684404,0.07603979466281507,0.7790228733563836
202607,2,41,0.7357866301684404,0.07603979201642497,0.7790228733563836
202607,2,50,0.7357866298171639,0.07603979201642497,0.7790228733563836
202607,4,1,0.7307624308592452,0.08165302047989192,0.7720814288779253
202607,4,11,0.7305869690459547,0.0803730898653527,0.7718046064169568
202607,4,21,0.730586846700217,0.0803730898653527,0.7717867082419675
202607,4,31,0.7305863903963041,0.0803730898653527,0.7717866246760557
202607,4,41,0.7305861643799242,0.0803730898653527,0.7717866246760557
202607,4,50,0.7305861643799242,0.0803730898653527,0.7717866245883456
202607,6,1,0.7308837143201141,0.08732375231679368,0.785854199363257
202607,6,11,0.7297368692861944,0.08423031629596314,0.7857769160572594
202607,6,21,0.7297368692861944,0.08423031629596314,0.7857731720058431
202607,6,31,0.7297368692861944,0.08423031629596314,0.7857731720058431
202607,6,41,0.7297368692861944,0.08423031629596314,0.7857728683832403
202607,6,50,0.7297368419019775,0.08423031629596314,0.7857728683832403
202607,8,1,0.7278234200423304,0.09159557480360488,0.8053940866413645
202607,8,11,0.7278117218393017,0.0886106334225494,0.804687533853731
202607,8,21,0.7278117218393017,0.0886106334225494,0.8046836915603544
202607,8,31,0.7278114758853977,0.0886106334225494,0.8046834788679815
202607,8,41,0.727811443734336,0.0886106334225494,0.8046834788679815
202607,8,50,0.727811443734336,0.0886106334225494,0.8046834788679815
202607,10,1,0.7215647292769524,0.08916786618640188,0.8078788652504413
202607,10,11,0.720232335310845,0.08846360771333533,0.8064836734900677
202607,10,21,0.7202270489769603,0.08846360771333533,0.8064655675533287
202607,10,31,0.7202270489769603,0.08846360771333533,0.8064655675533287
202607,10,41,0.7202270489769603,0.08846360771333533,0.8064633286858163
202607,10,50,0.7202270489769603,0.08846360771333533,0.8064633286858163
202608,2,1,0.7358989627844184,0.07668141034189717,0.780404855230549
202608,2,11,0.7357916145559383,0.07604064231976437,0.7790228972559641
202608,2,21,0.7357866396065198,0.07603986260322693,0.7790228972559641
202608,2,31,0.7357866294983139,0.07603979170243813,0.7790228972559641
202608,2,41,0.7357866294983139,0.07603979170243813,0.7790228732672306
202608,2,50,0.7357866294983139,0.07603979170243813,0.7790228732672306
202608,4,1,0.7312147105392989,0.08335248175985625,0.7718489089047985
202608,4,11,0.7305969382357951,0.0803730898653527,0.771786827311438
202608,4,21,0.7305861442455353,0.0803730898653527,0.7717866416914165
202608,4,31,0.7305861442455353,0.0803730898653527,0.7717866247259254
202608,4,41,0.7305861442455353,0.0803730898653527,0.7717866247259254
202608,4,50,0.7305861442455353,0.0803730898653527,0.7717866247259254
202608,6,1,0.7298014730356037,0.08719058370447011,0.7862690809782096
202608,6,11,0.729740587055431,0.0844007130496278,0.7857885343694376
202608,6,21,0.7297380504430097,0.08423031629596314,0.7857735251536193
202608,6,31,0.7297368219517174,0.08423031629596314,0.7857734350724613
202608,6,41,0.7297368219517174,0.08423031629596314,0.7857730065411048
202608,6,50,0.7297368219517174,0.08423031629596314,0.7857730065411048
202608,8,1,0.7281107901407123,0.09097695493864882,0.8049854280609917
202608,8,11,0.7278297138861081,0.0886106334225494,0.8047142184941486
202608,8,21,0.727816384947139,0.0886106334225494,0.8046868185712497
202608,8,31,0.7278127412088922,0.0886106334225494,0.8046862819671915
202608,8,41,0.7278127412088922,0.0886106334225494,0.8046842401699149
202608,8,50,0.7278125429432544,0.0886106334225494,0.8046842401699149
202608,10,1,0.7202331030669293,0.0914471524912514,0.8067073992384753
202608,10,11,0.7202296202197267,0.08846360771333533,0.8064705262439511
202608,10,21,0.7202292586990727,0.08846360771333533,0.8064673307364912
202608,10,31,0.720228131082119,0.08846360771333533,0.8064627675515026
202608,10,41,0.720228131082119,0.08846360771333533,0.8064624091692792
202608,10,50,0.720228131082119,0.08846360771333533,0.8064624091692792
202609,2,1,0.7363602550169186,0.076040946024613,0.7790669561845204
202609,2,11,0.7357866426255526,0.07603979572465064,0.7790233149667005
202609,2,21,0.7357866426255526,0.0760397956925789,0.7790230653997532
202609,2,31,0.7357866426255526,0.07603979305084926,0.7790229290455786
202609,2,41,0.7357866297492971,0.07603979305084926,0.779022877003173
202609,2,50,0.7357866297492971,0.07603979201234108,0.779022877003173
202609,4,1,0.7306203758320229,0.0814884817502165,0.7719451049020852
202609,4,11,0.7305862349781812,0.0803730898653527,0.7718022334109335
202609,4,21,0.7305861487406713,0.0803730898653527,0.7717869111165426
202609,4,31,0.7305861476149199,0.0803730898653527,0.7717866591650582
202609,4,41,0.7305861476149199,0.0803730898653527,0.7717866591650582
202609,4,50,0.7305861476149199,0.0803730898653527,0.7717866591650582
202609,6,1,0.7299159125076145,0.08890949859342459,0.7858327789938693
202609,6,11,0.7297375859820765,0.08423031629596314,0.7857935213809768
202609,6,21,0.7297375859820765,0.08423031629596314,0.7857812588019545
202609,6,31,0.7297374004291733,0.08423031629596314,0.7857747523189806
202609,6,41,0.729736864771541,0.08423031629596314,0.7857738918475958
202609,6,50,0.729736864771541,0.08423031629596314,0.7857738918475958
202609,8,1,0.7279333310517047,0.09199843195076496,0.8059058284437343
202609,8,11,0.7278117007922658,0.0886106334225494,0.8046904517935413
202609,8,21,0.7278117007922658,0.0886106334225494,0.8046863835203025
202609,8,31,0.7278114217848863,0.0886106334225494,0.8046855692506513
202609,8,41,0.7278114217848863,0.0886106334225494,0.8046855692506513
202609,8,50,0.7278114217848863,0.0886106334225494,0.804683477227635
202609,10,1,0.7203058351919599,0.08875235868973184,0.8066395409526371
202609,10,11,0.7202500314798957,0.08846360771333533,0.8064891312878216
202609,10,21,0.720236338247627,0.08846360771333533,0.8064796313331092
202609,10,31,0.7202273021308844,0.08846360771333533,0.8064628296673292
202609,10,41,0.7202273021308844,0.08846360771333533,0.8064628296673292
202609,10,50,0.7202272585677741,0.08846360771333533,0.8064628296673292
202610,2,1,0.7369095522411063,0.07739567709781317,0.7818254039328125
202610,2,11,0.7357869424880217,0.07614675435302093,0.7797016452538607
202610,2,21,0.7357866382820659,0.0760402221863028,0.7790263855079852
202610,2,31,0.7357866361177408,0.07603982115583355,0.779024342948067
202610,2,41,0.7357866302897627,0.07603981526412734,0.7790229069319771
202610,2,50,0.7357866302897627,0.07603981509722058,0.7790228827986728
202610,4,1,0.7305922303105113,0.08475880872827754,0.7718791534945701
202610,4,11,0.7305861488211441,0.08167919812042021,0.7717866547914479
202610,4,21,0.7305861488211441,0.0803730898653527,0.7717866547914479
202610,4,31,0.7305861488211441,0.0803730898653527,0.7717866547914479
202610,4,41,0.7305861487595251,0.0803730898653527,0.7717866271247686
202610,4,50,0.7305861440907468,0.0803730898653527,0.7717866271247686
202610,6,1,0.7304242042983549,0.08693466311246278,0.7857977500417196
202610,6,11,0.7297493720900898,0.08423031629596314,0.7857971641297732
202610,6,21,0.7297454188434784,0.08423031629596314,0.7857730156712379
202610,6,31,0.7297419082424296,0.08423031629596314,0.7857730156712379
202610,6,41,0.7297375386294016,0.08423031629596314,0.7857729524105744
202610,6,50,0.7297375201120868,0.08423031629596314,0.7857729151734519
202610,8,1,0.7279229585233273,0.09291636177062301,0.804756225862995
202610,8,11,0.7278129002458072,0.0886106334225494,0.8046854557810105
202610,8,21,0.7278117992401547,0.0886106334225494,0.8046838580574459
202610,8,31,0.7278117992401547,0.0886106334225494,0.8046838580574459
202610,8,41,0.7278117992401547,0.0886106334225494,0.8046838580574459
202610,8,50,0.7278117992401547,0.0886106334225494,0.8046838580574459
202610,10,1,0.7204622738199632,0.09243486076490409,0.8068816115483242
202610,10,11,0.7202942657277773,0.08846360771333533,0.806504956870937
202610,10,21,0.7202276141120454,0.08846360771333533,0.8064675758142804
202610,10,31,0.7202276141120454,0.08846360771333533,0.8064619049663608
202610,10,41,0.7202276141120454,0.08846360771333533,0.8064619049663608
202610,10,50,0.7202276141120454,0.08846360771333533,0.8064619049663608
202611,2,1,0.7370627579980352,0.07609637195247786,0.7790318781400637
202611,2,11,0.7357866421531938,0.07604032340999392,0.7790265632167568
202611,2,21,0.7357866298657265,0.0760397925442137,0.7790246744315568
202611,2,31,0.7357866298657265,0.0760397925442137,0.7790228977560347
202611,2,41,0.7357866294948991,0.0760397925442137,0.7790228977560347
202611,2,50,0.7357866294948991,0.07603979175018173,0.7790228749541779
202611,4,1,0.7307426565481253,0.08151922237290996,0.7719582434872344
202611,4,11,0.7305861494497284,0.0803730898653527,0.7717971085495386
202611,4,21,0.7305861492579167,0.0803730898653527,0.7717876840340022
202611,4,31,0.7305861492579167,0.0803730898653527,0.7717867854866619
202611,4,41,0.7305861441508215,0.0803730898653527,0.7717867854866619
202611,4,50,0.7305861441508215,0.0803730898653527,0.7717866284488776
202611,6,1,0.7299215653294786,0.0850940247435642,0.785792197834081
202611,6,11,0.7297609723642954,0.08423031629596314,0.7857755186200746
202611,6,21,0.7297422154807883,0.08423031629596314,0.7857750638469165
202611,6,31,0.7297375289824443,0.08423031629596314,0.7857728601732532
202611,6,41,0.7297371814060017,0.08423031629596314,0.7857728601732532
202611,6,50,0.7297371814060017,0.08423031629596314,0.7857728601732532
202611,8,1,0.7278741113636822,0.08990199895526904,0.8049679493541344
202611,8,11,0.7278168789917705,0.0886106334225494,0.8046870196657583
202611,8,21,0.7278143413648798,0.0886106334225494,0.8046836384592807
202611,8,31,0.7278143413648798,0.0886106334225494,0.8046835945196679
202611,8,41,0.7278130946960204,0.0886106334225494,0.8046835945196679
202611,8,50,0.7278115840576601,0.0886106334225494,0.8046835945196679
202611,10,1,0.7202818315261825,0.0941046219134212,0.8071977122439077
202611,10,11,0.7202381566278279,0.08846360771333533,0.8064643887652219
202611,10,21,0.7202280811171289,0.08846360771333533,0.8064619085161401
202611,10,31,0.7202280811171289,0.08846360771333533,0.8064619085161401
202611,10,41,0.7202273438611082,0.08846360771333533,0.8064619085161401
202611,10,50,0.7202273438611082,0.08846360771333533,0.8064619085161401
202612,2,1,0.7364757930271104,0.07715370303235736,0.7812196163147158
202612,2,11,0.735798605664569,0.07603982995793618,0.7790254084345735
202612,2,21,0.7357866310486999,0.07603981615654334,0.7790234583536558
202612,2,31,0.735786630999795,0.07603979174745393,0.7790232907505203
202612,2,41,0.7357866295103782,0.07603979174745393,0.7790230036493028
202612,2,50,0.7357866295103782,0.07603979174745393,0.7790228824833452
202612,4,1,0.7311070213201758,0.0826519477533802,0.771933485519762
202612,4,11,0.7305863160172124,0.0803730898653527,0.7718506490921605
202612,4,21,0.7305861441079661,0.0803730898653527,0.7717914254905204
202612,4,31,0.7305861441079661,0.0803730898653527,0.7717868237504134
202612,4,41,0.7305861441079661,0.0803730898653527,0.7717868237504134
202612,4,50,0.7305861441079661,0.0803730898653527,0.7717867847995022
202612,6,1,0.7297800873963183,0.08500004058611427,0.7857925406840067
202612,6,11,0.7297451099663286,0.08423031629596314,0.785788776890981
202612,6,21,0.7297405700673875,0.08423031629596314,0.7857749732076841
202612,6,31,0.7297388314026932,0.08423031629596314,0.7857749732076841
202612,6,41,0.7297388314026932,0.08423031629596314,0.7857730089465621
202612,6,50,0.7297369925129238,0.08423031629596314,0.7857730089465621
202612,8,1,0.7278293895270204,0.09264210287103453,0.8048055390590568
202612,8,11,0.7278120075158494,0.0886106334225494,0.8047110330761156
202612,8,21,0.7278120075158494,0.0886106334225494,0.804704550703077
202612,8,31,0.7278113907758725,0.0886106334225494,0.804704550703077
202612,8,41,0.7278113907758725,0.0886106334225494,0.8047028770252246
202612,8,50,0.7278113907758725,0.0886106334225494,0.8046888335830569
202612,10,1,0.7202694693107535,0.09518890367759444,0.8066834657630435
202612,10,11,0.7202301272422941,0.08846360771333533,0.8064752739756352
202612,10,21,0.7202272234052032,0.08846360771333533,0.8064622853849238
202612,10,31,0.7202272234052032,0.08846360771333533,0.8064622853849238
202612,10,41,0.7202272234052032,0.08846360771333533,0.8064622853849238
202612,10,50,0.7202272234052032,0.08846360771333533,0.8064622853849238
202613,2,1,0.7363265233366922,0.07671208449744069,0.781675489206491
202613,2,11,0.7357866835153538,0.0760842228521936,0.7790293398494439
202613,2,21,0.7357866310826455,0.07604083529847624,0.7790228732492679
202613,2,31,0.7357866310281269,0.07604050346835975,0.7790228732492679
202613,2,41,0.7357866310281269,0.07604044500775216,0.7790228732492679
202613,2,50,0.7357866295605621,0.07603994001816405,0.7790228732492679
202613,4,1,0.7305979999852713,0.081827085135637,0.7718788877853624
202613,4,11,0.7305861490438302,0.08075371238086135,0.7718579075835305
202613,4,21,0.7305861444884927,0.0803730898653527,0.7717891851700249
202613,4,31,0.7305861444884927,0.0803730898653527,0.7717870799873805
202613,4,41,0.7305861444884927,0.0803730898653527,0.7717866254762343
202613,4,50,0.7305861444884927,0.0803730898653527,0.7717866254762343
202613,6,1,0.7303861952334962,0.08749501376176476,0.7858139557305156
202613,6,11,0.7297506979642202,0.08445919987927177,0.7857755999830957
202613,6,21,0.7297374598683695,0.08423031629596314,0.7857737385174781
202613,6,31,0.7297374598683695,0.08423031629596314,0.7857732541828258
202613,6,41,0.729737065681124,0.08423031629596314,0.7857732516348795
202613,6,50,0.729737065681124,0.08423031629596314,0.7857732516348795
202613,8,1,0.7282000545536601,0.09334730697446467,0.8046870979853405
202613,8,11,0.7278196696122332,0.0886106334225494,0.8046862395688017
202613,8,21,0.7278165283102509,0.0886106334225494,0.8046846452502286
202613,8,31,0.7278126992272816,0.0886106334225494,0.8046845034006617
202613,8,41,0.7278126992272816,0.0886106334225494,0.8046836361981139
202613,8,50,0.7278122270987955,0.0886106334225494,0.8046836361981139
202613,10,1,0.7202633854493391,0.09036177060834402,0.8066708294328508
202613,10,11,0.7202307452618117,0.08846360771333533,0.8064651472770835
202613,10,21,0.7202286711818917,0.08846360771333533,0.8064639834773006
202613,10,31,0.7202273357590787,0.08846360771333533,0.8064623778857819
202613,10,41,0.7202273357590787,0.08846360771333533,0.8064623778857819
202613,10,50,0.7202273357590787,0.08846360771333533,0.8064619159050329
202614,2,1,0.7379669340896112,0.07607408890109235,0.7790229280657238
202614,2,11,0.7357867644208924,0.07603981576956458,0.779022886694106
202614,2,21,0.7357866781013102,0.0760397938443063,0.7790228830714637
202614,2,31,0.7357866781013102,0.07603979252380767,0.7790228830714637
202614,2,41,0.7357866661777612,0.07603979252380767,0.7790228747245066
202614,2,50,0.7357866661777612,0.07603979197573651,0.7790228733635695
202614,4,1,0.7311932729405056,0.08170480449900702,0.7720459720145999
202614,4,11,0.7305861480051971,0.0803730898653527,0.7718181759361127
202614,4,21,0.7305861480051971,0.0803730898653527,0.7718059379692719
202614,4,31,0.7305861480051971,0.0803730898653527,0.7717903444632411
202614,4,41,0.7305861480051971,0.0803730898653527,0.7717873589880346
202614,4,50,0.7305861480051971,0.0803730898653527,0.7717866951970421
202614,6,1,0.7300941907056069,0.08423031629596314,0.7859236714963524
202614,6,11,0.7297404126148882,0.08423031629596314,0.7857732396633731
202614,6,21,0.7297404126148882,0.08423031629596314,0.7857732396633731
202614,6,31,0.7297370999571671,0.08423031629596314,0.7857732396633731
202614,6,41,0.7297369206526085,0.08423031629596314,0.7857731736781367
202614,6,50,0.7297369206526085,0.08423031629596314,0.7857731736781367
202614,8,1,0.7280707013261672,0.09259924076490883,0.8050858399311467
202614,8,11,0.727814027156459,0.0886106334225494,0.8046936732155876
202614,8,21,0.7278121847438953,0.0886106334225494,0.8046927859468608
202614,8,31,0.7278121847438953,0.0886106334225494,0.8046846567090256
202614,8,41,0.7278121847438953,0.0886106334225494,0.8046846567090256
202614,8,50,0.7278119124952894,0.0886106334225494,0.8046839223034219
202614,10,1,0.7203722878850048,0.09126427861844522,0.806674655229711
202614,10,11,0.7202335000498428,0.08846360771333533,0.8064644734383057
202614,10,21,0.7202325028533098,0.08846360771333533,0.8064644734383057
202614,10,31,0.7202325028533098,0.08846360771333533,0.8064644734383057
202614,10,41,0.7202281637806206,0.08846360771333533,0.8064636884502334
202614,10,50,0.7202281637806206,0.08846360771333533,0.8064629102855868
202615,2,1,0.7388002694915222,0.07772749997987019,0.784734614351262
202615,2,11,0.7357866365975968,0.07611973222363985,0.7790778815347156
202615,2,21,0.7357866365975968,0.0760397926383439,0.7790306491903607
202615,2,31,0.7357866365975968,0.0760397926383439,0.7790282762259234
202615,2,41,0.7357866304759068,0.0760397926383439,0.7790229286794036
202615,2,50,0.7357866304759068,0.0760397926383439,0.7790229107529301
202615,4,1,0.7311341901812722,0.08066462999023816,0.771861863997392
202615,4,11,0.7305863150563385,0.0803730898653527,0.7717890632640345
202615,4,21,0.7305861440784616,0.0803730898653527,0.7717880347526926
202615,4,31,0.7305861440784616,0.0803730898653527,0.771786648919888
202615,4,41,0.7305861440784616,0.0803730898653527,0.771786648919888
202615,4,50,0.7305861440784616,0.0803730898653527,0.771786648919888
202615,6,1,0.7297550199492282,0.08876124599287377,0.7859521212991565
202615,6,11,0.7297369884643663,0.08423031629596314,0.7857735991243343
202615,6,21,0.7297369884643663,0.08423031629596314,0.7857735991243343
202615,6,31,0.7297369884643663,0.08423031629596314,0.7857735991243343
202615,6,41,0.7297368123870966,0.08423031629596314,0.7857735991243343
202615,6,50,0.7297368123870966,0.08423031629596314,0.7857733034106268
202615,8,1,0.728078256298905,0.09065909684947593,0.8051088568588236
202615,8,11,0.7278187705541215,0.0886106334225494,0.8046842623960792
202615,8,21,0.7278136573474351,0.0886106334225494,0.8046842623960792
202615,8,31,0.7278133492133818,0.0886106334225494,0.8046837707288066
202615,8,41,0.7278133492133818,0.0886106334225494,0.8046837707288066
202615,8,50,0.7278133492133818,0.0886106334225494,0.8046837707288066
202615,10,1,0.7205172659917866,0.09110107884290841,0.8076421613974472
202615,10,11,0.7202348162959997,0.08846360771333533,0.8067733867165922
202615,10,21,0.7202278856331537,0.08846360771333533,0.8064651484640373
202615,10,31,0.7202277525758203,0.08846360771333533,0.8064619460745918
202615,10,41,0.7202273530300044,0.08846360771333533,0.8064619460745918
202615,10,50,0.7202273486831974,0.08846360771333533,0.8064619460745918
202616,2,1,0.7370403372895891,0.07654417067842928,0.7811780719977386
202616,2,11,0.735786760132237,0.07604127232149316,0.7790305081787702
202616,2,21,0.7357866295116583,0.0760412043406916,0.7790229220885747
202616,2,31,0.7357866295116583,0.0760398043417164,0.7790228862972064
202616,2,41,0.7357866295116583,0.07603979170874817,0.7790228763513747
202616,2,50,0.7357866295116583,0.07603979170874817,0.7790228763513747
202616,4,1,0.7306204617120974,0.08182195548186576,0.7721659594606346
202616,4,11,0.7305861455909234,0.0803730898653527,0.771831076129596
202616,4,21,0.7305861440771418,0.0803730898653527,0.7718055567676773
202616,4,31,0.7305861440771418,0.0803730898653527,0.7717870800931174
202616,4,41,0.7305861440771418,0.0803730898653527,0.7717866253653763
202616,4,50,0.7305861440771418,0.0803730898653527,0.7717866253653763
202616,6,1,0.7306232371118564,0.0867813497296582,0.7860170576735828
202616,6,11,0.7297383598825332,0.08423031629596314,0.7857729689159181
202616,6,21,0.7297383598825332,0.08423031629596314,0.7857729689159181
202616,6,31,0.7297375746596971,0.08423031629596314,0.7857729689159181
202616,6,41,0.7297369560578266,0.08423031629596314,0.7857729207744599
202616,6,50,0.7297368600045574,0.08423031629596314,0.7857729207744599
202616,8,1,0.7279226511622346,0.09151591191272757,0.804731996658091
202616,8,11,0.7278161204640342,0.0886106334225494,0.8046908967092006
202616,8,21,0.727815590628246,0.0886106334225494,0.8046843185665923
202616,8,31,0.7278115252159962,0.0886106334225494,0.8046843185665923
202616,8,41,0.7278114536861479,0.0886106334225494,0.8046843185665923
202616,8,50,0.7278113211119116,0.0886106334225494,0.8046834299317881
202616,10,1,0.7217227612333217,0.09049741554329002,0.8066675375207238
202616,10,11,0.7202294834474845,0.08846360771333533,0.8064769229736294
202616,10,21,0.7202284416139175,0.08846360771333533,0.8064637224075529
202616,10,31,0.7202284416139175,0.08846360771333533,0.8064625945191846
202616,10,41,0.7202284416139175,0.08846360771333533,0.8064625945191846
202616,10,50,0.7202271730666027,0.08846360771333533,0.8064625945191846
202617,2,1,0.7365848613362969,0.0767409168707934,0.7806582784342978
202617,2,11,0.735786660610332,0.07603996555286767,0.7791755440780174
202617,2,21,0.7357866403854106,0.07603979309317407,0.7790230834339009
202617,2,31,0.7357866371465951,0.07603979309317407,0.7790228741623193
202617,2,41,0.7357866333899833,0.07603979169839392,0.7790228741623193
202617,2,50,0.7357866333899833,0.07603979169009167,0.7790228731817824
202617,4,1,0.73167667082134,0.08141114206702148,0.771931102947707
202617,4,11,0.7305871882336836,0.0803730898653527,0.7717871047465277
202617,4,21,0.7305861445364311,0.0803730898653527,0.7717867500737664
202617,4,31,0.7305861445364311,0.0803730898653527,0.7717866523709572
202617,4,41,0.7305861445364311,0.0803730898653527,0.7717866370035708
202617,4,50,0.7305861444017167,0.0803730898653527,0.7717866306474852
202617,6,1,0.7298769011259384,0.08620827755361803,0.7877361741755802
202617,6,11,0.7297417395006297,0.08423031629596314,0.7857786171640986
202617,6,21,0.729738242498811,0.08423031629596314,0.7857734446552452
202617,6,31,0.7297379263835034,0.08423031629596314,0.7857730438544694
202617,6,41,0.7297379263835034,0.08423031629596314,0.7857730438544694
202617,6,50,0.7297377055950829,0.08423031629596314,0.7857730438544694
202617,8,1,0.7279754739092261,0.0918412995904177,0.8047390477934548
202617,8,11,0.7278136934137617,0.0886106334225494,0.8047087700574919
202617,8,21,0.727812088815861,0.0886106334225494,0.8046886480893153
202617,8,31,0.727812088815861,0.0886106334225494,0.8046851891239561
202617,8,41,0.727812088815861,0.0886106334225494,0.8046851891239561
202617,8,50,0.727812088815861,0.0886106334225494,0.8046851891239561
202617,10,1,0.7203618143384377,0.09577210934838255,0.8072655164258061
202617,10,11,0.7202492842180915,0.08846360771333533,0.8066471374882332
202617,10,21,0.7202307646388203,0.08846360771333533,0.8064669353236423
202617,10,31,0.720227150283913,0.08846360771333533,0.8064669353236423
202617,10,41,0.720227150283913,0.08846360771333533,0.8064669353236423
202617,10,50,0.720227150283913,0.08846360771333533,0.8064669353236423
202618,2,1,0.7382233132909872,0.07755529433128767,0.7825061364272284
202618,2,11,0.7357866318916764,0.07603980808395844,0.7790234729712028
202618,2,21,0.7357866318916764,0.07603979525271834,0.7790234729712028
202618,2,31,0.7357866318916764,0.07603979359282537,0.7790234080131528
202618,2,41,0.7357866318916764,0.07603979359282537,0.7790229893583595
202618,2,50,0.7357866296817497,0.07603979169326178,0.7790229893583595
202618,4,1,0.731083293506456,0.08109354760037898,0.7718967609963205
202618,4,11,0.7305870321030958,0.0803730898653527,0.7717866679793761
202618,4,21,0.7305864813379249,0.0803730898653527,0.7717866354156004
202618,4,31,0.7305864813379249,0.0803730898653527,0.7717866323836967
202618,4,41,0.7305861440955966,0.0803730898653527,0.7717866323836967
202618,4,50,0.7305861440955966,0.0803730898653527,0.7717866323836967
202618,6,1,0.7298696519348523,0.09130402648613195,0.7862830127083067
202618,6,11,0.7297432850907617,0.08423031629596314,0.785785199700072
202618,6,21,0.7297393221787327,0.08423031629596314,0.7857748022692683
202618,6,31,0.7297393221787327,0.08423031629596314,0.7857744795984056
202618,6,41,0.7297371632025403,0.08423031629596314,0.7857744795984056
202618,6,50,0.7297371632025403,0.08423031629596314,0.7857744795984056
202618,8,1,0.7281285574155274,0.09312556065964545,0.8060895508626224
202618,8,11,0.7278124951803815,0.0886106334225494,0.804724772784108
202618,8,21,0.7278119237320784,0.0886106334225494,0.8047241854551432
202618,8,31,0.7278119237320784,0.0886106334225494,0.8047060231178702
202618,8,41,0.7278113149409684,0.0886106334225494,0.8046882306152686
202618,8,50,0.7278113149409684,0.0886106334225494,0.8046882306152686
202618,10,1,0.7212721092810507,0.09102780923889463,0.80691142239109
202618,10,11,0.7202312695695727,0.08846360771333533,0.8065472607687929
202618,10,21,0.7202274592063752,0.08846360771333533,0.8064765797905074
202618,10,31,0.7202274592063752,0.08846360771333533,0.8064627029728891
202618,10,41,0.7202274302598578,0.08846360771333533,0.8064627029728891
202618,10,50,0.7202273636734258,0.08846360771333533,0.8064621707970288
202619,2,1,0.7384706576999627,0.07858837634646351,0.783517494686686
202619,2,11,0.7357892729754072,0.07603986229918214,0.7790228966481294
202619,2,21,0.7357866686173582,0.0760397989142603,0.7790228733953318
202619,2,31,0.7357866296710818,0.0760397989142603,0.7790228733953318
202619,2,41,0.7357866296710818,0.07603979230470992,0.7790228733953318
202619,2,50,0.7357866296710818,0.07603979230470992,0.7790228733617733
202619,4,1,0.7317801598441922,0.08162975759735178,0.7717897587726137
202619,4,11,0.7305861445621102,0.0803730898653527,0.7717867673064036
202619,4,21,0.7305861445621102,0.0803730898653527,0.7717866298188231
202619,4,31,0.7305861445621102,0.0803730898653527,0.7717866266432215
202619,4,41,0.7305861445621102,0.0803730898653527,0.7717866247744017
202619,4,50,0.7305861445621102,0.0803730898653527,0.7717866247744017
202619,6,1,0.7297680413157772,0.08548037411966497,0.7862596979964579
202619,6,11,0.7297375989158522,0.08423031629596314,0.7858044970049165
202619,6,21,0.7297375989158522,0.08423031629596314,0.7857729160161554
202619,6,31,0.7297375989158522,0.08423031629596314,0.7857729160161554
202619,6,41,0.7297369819267975,0.08423031629596314,0.7857729160161554
202619,6,50,0.7297369819267975,0.08423031629596314,0.7857729160161554
202619,8,1,0.7282453786976005,0.09128010818748163,0.8048782979081218
202619,8,11,0.727822083928723,0.0886106334225494,0.8046854797513816
202619,8,21,0.7278114147478488,0.0886106334225494,0.8046835877647405
202619,8,31,0.7278114147478488,0.0886106334225494,0.8046835877647405
202619,8,41,0.7278113475401641,0.0886106334225494,0.8046835877647405
202619,8,50,0.7278113475401641,0.0886106334225494,0.8046835877647405
202619,10,1,0.7203518407363386,0.09003777231608458,0.806532253348964
202619,10,11,0.7202670896861623,0.08846360771333533,0.8064671351423712
202619,10,21,0.7202301073278544,0.08846360771333533,0.8064671351423712
202619,10,31,0.7202288999645888,0.08846360771333533,0.806465084918042
202619,10,41,0.7202275906402744,0.08846360771333533,0.8064632838445532
202619,10,50,0.7202275906402744,0.08846360771333533,0.8064632838445532
202620,2,1,0.7366461271561534,0.07607150864573001,0.7790233220298879
202620,2,11,0.7357866310453378,0.07604000571563618,0.7790233220298879
202620,2,21,0.7357866310453378,0.07603993671863235,0.7790231612234537
202620,2,31,0.7357866310453378,0.07603980956133333,0.7790228766169505
202620,2,41,0.7357866310453378,0.07603979169851643,0.7790228761844453
202620,2,50,0.7357866310453378,0.07603979169851643,0.7790228761844453
202620,4,1,0.7308388469420006,0.08106388095694995,0.7718655743382143
202620,4,11,0.7305863356687486,0.0803730898653527,0.7718093039024442
202620,4,21,0.7305861908468956,0.0803730898653527,0.7717906071737266
202620,4,31,0.7305861908468956,0.0803730898653527,0.7717866701041209
202620,4,41,0.7305861619420877,0.0803730898653527,0.7717866701041209
202620,4,50,0.7305861516351336,0.0803730898653527,0.7717866351133525
202620,6,1,0.7300127824482179,0.08899486423306929,0.7863763252436643
202620,6,11,0.7297386054541488,0.08718383393928612,0.7857848866857574
202620,6,21,0.7297369472747078,0.08423031629596314,0.7857848866857574
202620,6,31,0.7297369472747078,0.08423031629596314,0.7857731848632316
202620,6,41,0.7297369472747078,0.08423031629596314,0.7857731848632316
202620,6,50,0.7297369472747078,0.08423031629596314,0.7857731848632316
202620,8,1,0.7281753634730619,0.09037995248466088,0.804693822212019
202620,8,11,0.7278172698762073,0.0886106334225494,0.8046853038816821
202620,8,21,0.7278139420698978,0.0886106334225494,0.8046842726312359
202620,8,31,0.7278133055072237,0.0886106334225494,0.8046842726312359
202620,8,41,0.7278127359576865,0.0886106334225494,0.8046842726312359
202620,8,50,0.7278127359576865,0.0886106334225494,0.8046834717883646
202620,10,1,0.7208913007698701,0.08940921895448521,0.8070858928117032
202620,10,11,0.7202420774398494,0.08846360771333533,0.8064835317802562
202620,10,21,0.7202287674154773,0.08846360771333533,0.8064645027432543
202620,10,31,0.7202287674154773,0.08846360771333533,0.8064620961491921
202620,10,41,0.7202272342112447,0.08846360771333533,0.8064620961491921
202620,10,50,0.7202271268626561,0.08846360771333533,0.8064619583632151
