response,degree,outer_fold,outer_repeat,test_size,selected_alpha,rmse,nrmse,max_absolute_error
R,2,0,0,16,0.1,0.005176996829197382,0.09982446981734594,0.013787873728175137
R,2,1,0,16,1.0,0.0045898615776437815,0.08850314451406216,0.013303391020454525
R,2,2,0,16,0.01,0.006577208954993746,0.12682379736205895,0.0152534701363497
R,2,3,0,16,1.0,0.004800198475108109,0.09255892626652215,0.008773572024608267
R,2,4,0,16,1.0,0.004709278492437775,0.09080577876318952,0.009537013341327838
R,2,5,1,16,1.0,0.006069309556105313,0.11703032251798669,0.01458973106366468
R,2,6,1,16,1.0,0.005138688451469294,0.0990857957129498,0.010034960589724307
R,2,7,1,16,1.0,0.003816845901782899,0.07359761481234252,0.006864018294465812
R,2,8,1,16,1.0,0.006113925922717073,0.11789062923424283,0.013783615773330316
R,2,9,1,16,1.0,0.0024916783017612026,0.04804531925264072,0.0045806782137362
R,2,10,2,16,1.0,0.004511080623903903,0.08698406555800889,0.008025314166506314
R,2,11,2,16,1.0,0.0045493201239356915,0.08772141154115207,0.008168113850299696
R,2,12,2,16,1.0,0.008079359566292845,0.15578873462318193,0.018861668913004892
R,2,13,2,16,1.0,0.004947822906757427,0.09540546666584568,0.01344664528020556
R,2,14,2,16,1.0,0.0031916539874921415,0.06154246905173712,0.008616925899716299
R,2,15,3,16,10.0,0.0038480789664976566,0.07419986052134847,0.007647385790093053
R,2,16,3,16,1.0,0.003969712857800222,0.07654524320395323,0.010998073697067512
R,2,17,3,16,1.0,0.004239495105600894,0.08174726876845587,0.009760166054536334
R,2,18,3,16,0.01,0.00628513433733803,0.12119192335932637,0.012437396659374822
R,2,19,3,16,1e-08,0.00586817264164314,0.11315193771124997,0.013195775480580707
R,2,20,4,16,1.0,0.006465794538065025,0.12467546977622915,0.0164361982923672
R,2,21,4,16,1.0,0.005220258626266471,0.10065865730060096,0.011857577043487444
R,2,22,4,16,1.0,0.0034194019862857326,0.06593397709812247,0.006769298361592568
R,2,23,4,16,1.0,0.0030575947268650983,0.058957496516941356,0.007983980630103416
R,2,24,4,16,1.0,0.0048285765646383936,0.0931061214523127,0.008568929148626836
R,2,25,5,16,1.0,0.00470012347447399,0.09062924884738023,0.008165564855887708
R,2,26,5,16,1.0,0.005849628668977076,0.11279436703837317,0.013231044115223578
R,2,27,5,16,1.0,0.004924845043723204,0.09496240033403133,0.013691008418605488
R,2,28,5,16,1.0,0.004417751004382244,0.08518445468429532,0.011759370157218174
R,2,29,5,16,1.0,0.004392211048316412,0.08469198527441445,0.008164112602921492
R,2,30,6,16,0.1,0.005263817791260009,0.1014985787250536,0.009405607948996919
R,2,31,6,16,1e-08,0.005150273001195188,0.09930917261902361,0.011192403661141603
R,2,32,6,16,1e-08,0.004606706710789475,0.08882795763270032,0.011054911071908036
R,2,33,6,16,1.0,0.005289815049927312,0.10199986598652759,0.014784407845058078
R,2,34,6,16,1.0,0.003922176968887144,0.07562864134681437,0.007434624339680007
R,2,35,7,16,1.0,0.004600210056124495,0.08870268710831822,0.008310497933441074
R,2,36,7,16,1.0,0.005060250715695746,0.09757333479292227,0.013494171110767228
R,2,37,7,16,1.0,0.00480859990921215,0.09272092534297731,0.013164175687362278
R,2,38,7,16,0.1,0.0050420806573979885,0.09722297405368165,0.01098034927165259
R,2,39,7,16,1.0,0.006070383374905881,0.11705102822749032,0.013476593012604399
R,2,40,8,16,1.0,0.0047064045416633435,0.0907503623467218,0.008646695964891093
R,2,41,8,16,1.0,0.005461248656998111,0.10530550234276442,0.0144708584593779
R,2,42,8,16,1.0,0.003986410798878825,0.07686721811918053,0.010182486806637914
R,2,43,8,16,1.0,0.0028985080380237965,0.05588993729437909,0.00794730266507404
R,2,44,8,16,1.0,0.0058846684651256516,0.11347001533186106,0.013285873777373336
R,2,45,9,16,1.0,0.004809757044080651,0.09274323757892533,0.012129943262768728
R,2,46,9,16,10.0,0.005240329965588645,0.10104567913439078,0.013241268461934186
R,2,47,9,16,1e-08,0.004633712327582573,0.08934868837050132,0.009840209359211372
R,2,48,9,16,1.0,0.005195570608719603,0.10018261523533288,0.011918850613608867
R,2,49,9,16,0.1,0.005227922739862963,0.10080643913273864,0.013474849432476455
R,3,0,0,16,1e-05,3.641414217267927e-07,7.021488627808804e-06,6.450980162275854e-07
R,3,1,0,16,1e-08,3.025817565838717e-07,5.834475937291441e-06,6.473562131903421e-07
R,3,2,0,16,1e-08,4.017660504712246e-07,7.746978470743414e-06,7.935673178582903e-07
R,3,3,0,16,1e-08,3.5422323746068544e-07,6.8302431009946804e-06,5.765576546190587e-07
R,3,4,0,16,1e-05,3.833200433811807e-07,7.3912968007014975e-06,6.759211743645466e-07
R,3,5,1,16,1e-08,3.498901243297135e-07,6.746690660220844e-06,7.027789749036728e-07
R,3,6,1,16,1e-05,3.41618813320372e-07,6.587200657919664e-06,6.381594498394705e-07
R,3,7,1,16,1e-05,2.4692544954978305e-07,4.76129364165332e-06,5.541249091800537e-07
R,3,8,1,16,1e-05,3.5133138052314273e-07,6.7744814122971485e-06,6.487599546467493e-07
R,3,9,1,16,1e-05,2.9354879812797393e-07,5.660299611036688e-06,5.108568110756551e-07
R,3,10,2,16,1e-06,2.9736118591802126e-07,5.733811263146122e-06,5.773718294577179e-07
R,3,11,2,16,1e-08,3.4375645856189394e-07,6.628419401127892e-06,5.950880701544037e-07
R,3,12,2,16,1e-08,3.3929630841385445e-07,6.542417392912866e-06,5.87028051390881e-07
R,3,13,2,16,1e-05,3.7216718305005793e-07,7.176243864369326e-06,6.957567083576421e-07
R,3,14,2,16,1e-05,3.3471597321442276e-07,6.45409793899891e-06,6.258017971605412e-07
R,3,15,3,16,1e-05,3.012718788951597e-07,5.809218466577186e-06,5.304140593409556e-07
R,3,16,3,16,1e-08,3.2650733789004666e-07,6.295816468831037e-06,6.705645503313207e-07
R,3,17,3,16,1e-07,4.28347270895853e-07,8.259525865213796e-06,6.780359200764252e-07
R,3,18,3,16,1e-05,3.428805944479095e-07,6.611530715719118e-06,7.563300998825184e-07
R,3,19,3,16,1e-06,2.2901329854627842e-07,4.415905951413938e-06,3.983145109298647e-07
R,3,20,4,16,1e-05,4.5629769944351645e-07,8.798474758364013e-06,8.314871057235607e-07
R,3,21,4,16,1e-08,3.852105623323855e-07,7.427750377593667e-06,7.437704757640162e-07
R,3,22,4,16,1e-08,2.759483354488353e-07,5.320921992418871e-06,5.543462717749748e-07
R,3,23,4,16,1e-05,2.881327900834531e-07,5.555866452313933e-06,4.906061131793038e-07
R,3,24,4,16,1e-05,3.884774511389609e-07,7.4907435479254265e-06,7.258826879574798e-07
R,3,25,5,16,1e-05,3.409428203146856e-07,6.574165949647814e-06,6.179615371637581e-07
R,3,26,5,16,1e-05,4.547009370809934e-07,8.767685487765239e-06,9.288477315072541e-07
R,3,27,5,16,1e-08,3.4247235421334916e-07,6.603658900008655e-06,6.283080771218863e-07
R,3,28,5,16,1e-05,3.850532715408011e-07,7.424717447422933e-06,8.795777247661007e-07
R,3,29,5,16,1e-08,2.3631366992364408e-07,4.556673992473031e-06,4.054328507363536e-07
R,3,30,6,16,1e-08,3.124893565834871e-07,6.025517374973233e-06,5.702700974774544e-07
R,3,31,6,16,1e-06,3.9793735841161844e-07,7.673152434615956e-06,7.99778153814934e-07
R,3,32,6,16,1e-08,2.9101867476129953e-07,5.611512982034656e-06,4.972215736920305e-07
R,3,33,6,16,1e-08,3.278745660247105e-07,6.322179788756681e-06,6.468318050067978e-07
R,3,34,6,16,1e-08,2.642165235619067e-07,5.094705531360877e-06,4.32353335133584e-07
R,3,35,7,16,1e-05,3.9760117466209896e-07,7.666670034555805e-06,6.161742208687926e-07
R,3,36,7,16,1e-05,2.903605362724427e-07,5.598822550132902e-06,6.901390949831665e-07
R,3,37,7,16,1e-08,3.5657741238531096e-07,6.8756370371822885e-06,6.672892461923041e-07
R,3,38,7,16,1e-05,3.5360006539842367e-07,6.818226902651768e-06,6.263888979729515e-07
R,3,39,7,16,1e-05,2.9746313760807353e-07,5.7357771274767795e-06,5.084774633568045e-07
R,3,40,8,16,1e-05,2.6455829465414776e-07,5.101295668308508e-06,5.94013535581972e-07
R,3,41,8,16,1e-08,3.4841438939678975e-07,6.7182350783206925e-06,7.443079547142517e-07
R,3,42,8,16,1e-05,3.2994379637611144e-07,6.362079334685238e-06,6.375517408452325e-07
R,3,43,8,16,1e-08,3.4114314747863897e-07,6.578028720592327e-06,5.697655399705681e-07
R,3,44,8,16,1e-05,4.171507937169669e-07,8.043631895199986e-06,8.015493613289237e-07
R,3,45,9,16,1e-06,3.3509759549118756e-07,6.4614564989334424e-06,7.365893394117862e-07
R,3,46,9,16,1e-05,3.000823281493022e-07,5.786281177557354e-06,5.963847397039146e-07
R,3,47,9,16,1e-05,3.732412600583173e-07,7.196954552714313e-06,5.179386844966771e-07
R,3,48,9,16,1e-05,2.9321942562864e-07,5.653948547630006e-06,6.716322843436373e-07
R,3,49,9,16,1e-05,4.1086140830773627e-07,7.922358001344669e-06,6.807349406390273e-07
R,4,0,0,16,1e-06,4.1098007323577405e-07,7.924646135550292e-06,7.201284420998988e-07
R,4,1,0,16,1e-08,4.247634982858867e-07,8.190422442411182e-06,1.0949784989833233e-06
R,4,2,0,16,1e-08,5.585260532116877e-07,1.076967380520405e-05,1.4860432447916239e-06
R,4,3,0,16,1e-08,5.505745684499426e-07,1.061635079250192e-05,1.3531680457257167e-06
R,4,4,0,16,1e-08,4.817478449323726e-07,9.28921241264866e-06,9.946098268320824e-07
R,4,5,1,16,1e-05,4.4651572796749264e-07,8.609855729112285e-06,9.710778371418982e-07
R,4,6,1,16,1e-05,4.4153388960154833e-07,8.513794365738183e-06,8.047262838317693e-07
R,4,7,1,16,1e-05,3.7944420418566593e-07,7.316561658773753e-06,8.805314011262055e-07
R,4,8,1,16,1e-05,6.148003128077507e-07,1.1854771655150309e-05,1.6753109615130768e-06
R,4,9,1,16,1e-05,4.193747950280071e-07,8.08651578311268e-06,1.022693307040079e-06
R,4,10,2,16,1e-05,4.2069829530939785e-07,8.11203592891378e-06,7.763471466804006e-07
R,4,11,2,16,1e-05,3.602909237121944e-07,6.9472421224464265e-06,6.361766965445881e-07
R,4,12,2,16,1e-08,6.982009824330125e-07,1.3462929415804012e-05,1.3527900315501995e-06
R,4,13,2,16,1e-05,4.6810079100741045e-07,9.026065656416383e-06,1.0756156283431295e-06
R,4,14,2,16,1e-05,4.304294587189624e-07,8.299675261158905e-06,8.621004763398332e-07
R,4,15,3,16,1e-08,5.139812309304544e-07,9.910746629074911e-06,9.27109575554752e-07
R,4,16,3,16,1e-05,3.537050946559859e-07,6.820252109600385e-06,6.493800546181205e-07
R,4,17,3,16,1e-08,4.477781954850179e-07,8.634199022097868e-06,7.991259501904935e-07
R,4,18,3,16,1e-05,6.371933563266672e-07,1.2286561314410958e-05,1.6786776393384883e-06
R,4,19,3,16,1e-05,2.979813803736573e-07,5.745770046348066e-06,6.25279346189167e-07
R,4,20,4,16,1e-08,5.995988140313494e-07,1.1561651607785212e-05,1.1785164379940483e-06
R,4,21,4,16,1e-08,6.181457781562346e-07,1.1919279962905344e-05,1.6664026305512891e-06
R,4,22,4,16,1e-08,2.856093864030068e-07,5.507209394400543e-06,6.299246002594572e-07
R,4,23,4,16,1e-08,3.543135045055835e-07,6.8319836583479524e-06,6.761981794500826e-07
R,4,24,4,16,1e-05,5.283467444333129e-07,1.0187746947288182e-05,1.2859656141062104e-06
R,4,25,5,16,1e-07,4.4956042105380353e-07,8.668564452166428e-06,1.0579426826806682e-06
R,4,26,5,16,1e-08,7.676260940495616e-07,1.4801606101879272e-05,1.3161873608780184e-06
R,4,27,5,16,1e-08,4.978906076325486e-07,9.60048220498155e-06,1.3517292816178639e-06
R,4,28,5,16,1e-05,4.3233193302111646e-07,8.336359364862152e-06,1.0866466245706974e-06
R,4,29,5,16,1e-08,3.0037059088937475e-07,5.791839549745946e-06,5.307676986809895e-07
R,4,30,6,16,1e-08,4.382864528340588e-07,8.451176275699628e-06,8.516384447654346e-07
R,4,31,6,16,1e-05,5.595968878480117e-07,1.0790321973120674e-05,1.1436169293776999e-06
R,4,32,6,16,1e-06,3.5388282463795246e-07,6.82367915462394e-06,6.817675540782275e-07
R,4,33,6,16,1e-05,4.2192952715978323e-07,8.135776926009581e-06,8.804000547479873e-07
R,4,34,6,16,1e-08,4.403360038850146e-07,8.49069635921047e-06,1.025799644893688e-06
R,4,35,7,16,1e-05,4.603639232922876e-07,8.876880956639617e-06,7.871189462438366e-07
R,4,36,7,16,1e-05,4.404177062633163e-07,8.492271769987388e-06,1.0579452771608544e-06
R,4,37,7,16,1e-06,4.025802561730562e-07,7.762678239390985e-06,8.105393313195819e-07
R,4,38,7,16,1e-06,4.6993245553856413e-07,9.061384383998838e-06,9.045033732002494e-07
R,4,39,7,16,1e-08,6.233406097492179e-07,1.2019448328208428e-05,1.317444145443325e-06
R,4,40,8,16,1e-05,4.928639810148096e-07,9.503557220547409e-06,9.430266140197929e-07
R,4,41,8,16,1e-05,4.6783800771255276e-07,9.020998586848544e-06,8.132215414402566e-07
R,4,42,8,16,1e-06,4.2490027901389796e-07,8.19305989113009e-06,9.1771918275807e-07
R,4,43,8,16,1e-05,3.9842101036586307e-07,7.682478362659084e-06,8.918326944717947e-07
R,4,44,8,16,1e-08,4.7213454547442697e-07,9.103845769931674e-06,1.3226490923612388e-06
R,4,45,9,16,1e-08,4.4362675317659513e-07,8.554149614866562e-06,1.2610649012811948e-06
R,4,46,9,16,1e-05,4.3311055945577716e-07,8.351373082967486e-06,7.899623696294711e-07
R,4,47,9,16,1e-06,4.581974881274556e-07,8.835107077138027e-06,7.577295514371585e-07
R,4,48,9,16,1e-05,6.788298643011772e-07,1.3089409465709812e-05,1.9943397744359714e-06
R,4,49,9,16,1e-08,5.388998152745417e-07,1.039123455534103e-05,1.3592317701371925e-06
P,2,0,0,16,0.1,0.0029058622287174525,0.022816129308397083,0.00559025670458016
P,2,1,0,16,1e-08,0.002465424776061104,0.019357920666308922,0.005218793605579003
P,2,2,0,16,0.1,0.0030495125777838575,0.023944037199936066,0.0053615512339454385
P,2,3,0,16,1e-08,0.003398989839274888,0.026688048361140766,0.0066438549008034364
P,2,4,0,16,1.0,0.003059083918493009,0.024019189058519227,0.006345265050294369
P,2,5,1,16,1.0,0.0034798944864683364,0.02732329213621495,0.0055896244476909135
P,2,6,1,16,0.1,0.003445667943960471,0.027054553580091636,0.007272121962511535
P,2,7,1,16,1e-08,0.0028782327375159885,0.022599189207883074,0.005948689256883424
P,2,8,1,16,1e-08,0.003218679035893475,0.02527229142504299,0.006029487021408209
P,2,9,1,16,1e-08,0.0018991693688023786,0.014911819792732244,0.004160509712006016
P,2,10,2,16,1e-08,0.002986632568400474,0.02345031853329518,0.006698198417015522
P,2,11,2,16,0.1,0.003272592204685538,0.02569560462221685,0.007053861533491787
P,2,12,2,16,0.1,0.004065345953202955,0.031920115838591036,0.007066464321834151
P,2,13,2,16,0.1,0.0035018177676903886,0.027495428452342874,0.006765175612641713
P,2,14,2,16,0.1,0.0033493210889430037,0.026298061313936902,0.006870357968315005
P,2,15,3,16,0.1,0.0030062135296752704,0.023604063518178946,0.0068813608526675785
P,2,16,3,16,1e-08,0.0031043034721419498,0.02437424208654169,0.006780223480198425
P,2,17,3,16,1.0,0.0038171514471426983,0.029971352443017418,0.006642841553096565
P,2,18,3,16,1e-08,0.0038881592241263095,0.030528888380388735,0.006200813209622846
P,2,19,3,16,1e-08,0.002682325902629969,0.021060975994267973,0.006419768175622648
P,2,20,4,16,0.1,0.0026676616788211815,0.020945836046020582,0.0048284957927090255
P,2,21,4,16,0.1,0.0037957710966654364,0.02980347908813942,0.006968842413321449
P,2,22,4,16,1e-08,0.003112614455207505,0.024439497920913197,0.005921428327670827
P,2,23,4,16,1.0,0.0027999189906312612,0.02198428855709219,0.006480777179100852
P,2,24,4,16,0.1,0.003334486244134732,0.026181581690756378,0.006556045919350606
P,2,25,5,16,1e-08,0.0023441057413299874,0.01840535286848294,0.0053342259594104935
P,2,26,5,16,0.1,0.0031419962020299845,0.0246701963099088,0.006604473989054421
P,2,27,5,16,1e-08,0.003456875761604435,0.027142554660838845,0.006683981312257781
P,2,28,5,16,1e-08,0.0027149800244192918,0.02131736828218665,0.0054980667512696535
P,2,29,5,16,1.0,0.0035197540244463906,0.027636259614057714,0.007030386834752711
P,2,30,6,16,1.0,0.004102226669701998,0.032209694328690315,0.007379920436453635
P,2,31,6,16,0.1,0.003172560796772439,0.02491018213546199,0.006118385757888506
P,2,32,6,16,1e-08,0.0028722929507260515,0.02255255143472088,0.006390345850611268
P,2,33,6,16,1e-08,0.003923905010281705,0.03080955567118173,0.006861931519826045
P,2,34,6,16,0.1,0.0022362802597488993,0.0175587331952646,0.004672967267316669
P,2,35,7,16,0.1,0.003700262366004841,0.029053567572274192,0.006354020894714596
P,2,36,7,16,0.01,0.003136061014797719,0.024623594651364,0.005818890645680072
P,2,37,7,16,1e-08,0.0024599687890726227,0.019315081572492326,0.004925782754838293
P,2,38,7,16,0.1,0.0029142365441232835,0.022881882413028295,0.00626484876874675
P,2,39,7,16,1e-08,0.0025897539532205786,0.02033412337641786,0.006624427176570774
P,2,40,8,16,0.1,0.002686033537021567,0.021090087445207028,0.005369360279170246
P,2,41,8,16,0.01,0.0028995621569954592,0.02276666266485128,0.006033378223445129
P,2,42,8,16,1.0,0.0025053634680764544,0.0196715096425601,0.005623615160106538
P,2,43,8,16,0.1,0.0039506538875108185,0.03101958140319424,0.00652690140952826
P,2,44,8,16,1.0,0.0028877464464271323,0.022673888555489418,0.006498196816296237
P,2,45,9,16,0.1,0.0027985687194165432,0.021973686553207784,0.006354714451363611
P,2,46,9,16,0.01,0.0037083717593698324,0.029117240572941523,0.006663033494653331
P,2,47,9,16,1.0,0.003908703092634874,0.030690193880613018,0.007327086427961371
P,2,48,9,16,0.1,0.002789381605959397,0.021901551554329435,0.007286620941921201
P,2,49,9,16,0.1,0.0027744793732743895,0.021784542817795145,0.0055598196602827665
P,3,0,0,16,0.001,0.00029605621734081673,0.0023245620080152066,0.0006695828528989478
P,3,1,0,16,1e-06,0.001050069097133992,0.008244889267697801,0.004200276218029819
P,3,2,0,16,0.01,0.00029382803812306226,0.002307066882247662,0.000640450017262234
P,3,3,0,16,1e-08,0.0002585862316272848,0.0020303567181790575,0.0006939961186146482
P,3,4,0,16,0.1,0.00042534015785375943,0.0033396683248567796,0.0011225610043453793
P,3,5,1,16,1e-08,0.0001446612725501979,0.0011358454188928856,0.000288860193007473
P,3,6,1,16,0.01,0.0002894055782349644,0.002272342793930311,0.0005130750701945463
P,3,7,1,16,1e-05,0.0010500402463937855,0.008244662738644673,0.00420016079056984
P,3,8,1,16,1e-08,0.00031815098623674614,0.002498044803994552,0.0007883529891171415
P,3,9,1,16,1e-08,0.000375494900286851,0.002948295385418114,0.0012416087470204507
P,3,10,2,16,0.01,0.0005675435880172133,0.004456215358175355,0.0015086448540217734
P,3,11,2,16,0.01,0.00020946629509060674,0.001644678824517955,0.00048173271459826805
P,3,12,2,16,0.001,0.00030148390321696857,0.002367178888324188,0.00065650018648028
P,3,13,2,16,1e-05,0.0010501269666055835,0.008245343644830273,0.004200507578645374
P,3,14,2,16,1e-08,0.0003902487932076725,0.0030641393939044637,0.001205773450933867
P,3,15,3,16,1e-08,0.0004450392354975856,0.0034943407309797865,0.0013565378183828802
P,3,16,3,16,0.01,0.0002518000529334089,0.001977073279941967,0.0005972236857393065
P,3,17,3,16,1e-07,0.001050119055996853,0.008245281532638607,0.004200475974849072
P,3,18,3,16,1e-08,0.00045895466351488114,0.003603601315286441,0.0013167061878707198
P,3,19,3,16,1e-08,0.00015761403426319437,0.0012375473795791015,0.00034253527896316305
P,3,20,4,16,1e-08,0.0004790535339526924,0.0037614127979953864,0.0013372168014595676
P,3,21,4,16,1e-08,0.00024112431370365716,0.0018932499505626347,0.0007393786250142476
P,3,22,4,16,0.01,0.00018496864051843455,0.0014523291497992663,0.0003478150475679648
P,3,23,4,16,0.01,0.00022288677900036464,0.0017500532270757275,0.00043810095504531743
P,3,24,4,16,1e-08,0.0010500909784932656,0.008245061074852901,0.00420036360709089
P,3,25,5,16,1e-06,0.0010501179756440355,0.008245273049968872,0.004200471604686951
P,3,26,5,16,0.01,0.0004040764808411843,0.003172711061881158,0.0007351557839685996
P,3,27,5,16,0.01,0.000267070094643002,0.0020969699642195507,0.0006956562381227605
P,3,28,5,16,0.01,0.00010672438265064426,0.0008379741100081993,0.0002090085898082128
P,3,29,5,16,0.01,0.00035924746710912936,0.0028207244590855007,0.0012486589589171815
P,3,30,6,16,0.01,0.00022473661462687388,0.00176457769022357,0.00047573608804535317
P,3,31,6,16,0.01,0.001141765924326221,0.008964870636983518,0.0022932341999316874
P,3,32,6,16,1e-08,0.00015390793603198153,0.00120844799020086,0.00036649855240385165
P,3,33,6,16,1e-08,0.00024169226251452474,0.001897709347632889,0.000549680960052451
P,3,34,6,16,1e-05,0.0010500936481290404,0.008245082036189073,0.004200374401044565
P,3,35,7,16,0.01,0.00022435402561349322,0.0017615736935732821,0.0004414200777694971
P,3,36,7,16,1e-05,0.0010501075257827476,0.00824519100017861,0.004200429909802905
P,3,37,7,16,0.01,0.0003928417579372187,0.0030844987275221317,0.0012661278077478744
P,3,38,7,16,0.01,0.00047694047200094595,0.003744821545233558,0.0013251193569477626
P,3,39,7,16,1e-08,0.0002558454656693903,0.0020088368849669465,0.0006909973189475338
P,3,40,8,16,1e-08,0.00015037148757187418,0.001180680649904791,0.00036017999600550243
P,3,41,8,16,1e-08,0.0002854221361426665,0.002241065767451841,0.0006002133087564809
P,3,42,8,16,1e-08,0.0003901488800410394,0.0030633548998197186,0.0012505030676977502
P,3,43,8,16,0.01,0.0005637231365646827,0.004426218094886013,0.0015615179952435387
P,3,44,8,16,1e-08,0.001050093445552711,0.008245080445608599,0.004200373486304615
P,3,45,9,16,0.01,0.00020742758927238473,0.0016286713981814127,0.0005561295922468512
P,3,46,9,16,0.01,0.0004491812876121635,0.003526863125095505,0.0012944908883581185
P,3,47,9,16,1e-08,0.0004070663720747887,0.003196186966667625,0.001273881321250253
P,3,48,9,16,1e-08,0.0010501020168466758,0.008245147745341361,0.0042004078710311255
P,3,49,9,16,1e-06,0.0002849299307747951,0.0022372010896262178,0.000694002927110221
P,4,0,0,16,1e-08,0.0004498308503394845,0.0035319633349519828,0.0008981360616149014
P,4,1,0,16,1e-05,0.0010500832429460442,0.00824500033720198,0.004200332777146237
P,4,2,0,16,1e-08,0.0004234111235953232,0.0033245220131542337,0.0008232888871527733
P,4,3,0,16,0.01,0.00029262700858967563,0.0022976366880470764,0.0005262549670628919
P,4,4,0,16,0.01,0.0008089895683516883,0.006351990957535241,0.0022442063134426593
P,4,5,1,16,0.01,0.00032314915889790477,0.002537289250140584,0.0006974153986863407
P,4,6,1,16,0.001,0.0003247883292201599,0.0025501596201331646,0.0007191918021420274
P,4,7,1,16,1e-05,0.0010500774940102654,0.008244955197944923,0.004200309737132479
P,4,8,1,16,0.01,0.0003209786024133113,0.002520246564174869,0.0007766851318449786
P,4,9,1,16,0.01,0.0006297900791140513,0.00494495979203872,0.0019644431794758332
P,4,10,2,16,0.01,0.0010354738921785564,0.008130291238839167,0.0024634014533780335
P,4,11,2,16,1e-08,0.0003688919530441781,0.002896450636339338,0.0007510714508055655
P,4,12,2,16,1e-08,0.0006724544896211586,0.005279950452427439,0.0018522157513056192
P,4,13,2,16,1e-05,0.0010501069977146727,0.008245186853915457,0.004200427582364552
P,4,14,2,16,0.01,0.0006921127245283318,0.005434302171233761,0.0021229327968466383
P,4,15,3,16,1e-08,0.0006058393421485761,0.004756904382447991,0.002107905596788945
P,4,16,3,16,1e-08,0.0005213509849824543,0.004093522181080828,0.0016254512313408354
P,4,17,3,16,1e-08,0.0010501184520929796,0.00824527679093106,0.004200473616517736
P,4,18,3,16,1e-08,0.0006980546842414841,0.00548095700566492,0.002225841045752297
P,4,19,3,16,1e-08,0.00032457793438408843,0.002548507650628835,0.0006329240929689173
P,4,20,4,16,0.1,0.0009904111298608546,0.007776469298530579,0.002126343237075917
P,4,21,4,16,1e-08,0.0006052864998075855,0.004752563597735439,0.001386630133504263
P,4,22,4,16,1e-08,0.00022262766323764756,0.0017480187126071574,0.0003879607642254812
P,4,23,4,16,1e-08,0.00023730247933749618,0.0018632418289690341,0.0004879354666195712
P,4,24,4,16,1e-06,0.0010500532369998174,0.008244764737749823,0.004200212615800669
P,4,25,5,16,1e-08,0.001050074426386028,0.008244931111699341,0.004200297331075659
P,4,26,5,16,0.1,0.0005948581334340484,0.004670682580355279,0.001987525633140863
P,4,27,5,16,0.01,0.0002807381613570037,0.0022042883272377803,0.0006765622881660938
P,4,28,5,16,0.01,0.00024567058513648513,0.0019289461772651157,0.0004582493964124801
P,4,29,5,16,0.01,0.0005828674764911354,0.004576534834258287,0.002004203721848813
P,4,30,6,16,1e-08,0.0005193349170405571,0.004077692501888796,0.0009593666751043783
P,4,31,6,16,1e-08,0.0018105864580579582,0.014216288144299295,0.003648135873231234
P,4,32,6,16,0.1,0.0009216992704247388,0.007236960351953037,0.0030033057469116553
P,4,33,6,16,1e-08,0.0004057547852531995,0.003185888703307157,0.0008171199745782565
P,4,34,6,16,1e-05,0.001050083342284061,0.008245001117180127,0.004200333136652551
P,4,35,7,16,1e-08,0.00034901382311618243,0.0027403723548695227,0.0007356949901013848
P,4,36,7,16,1e-05,0.001050087202804432,0.0082450314290549,0.004200348573387913
P,4,37,7,16,0.001,0.0005844466400124025,0.0045889340453235125,0.001960835547784784
P,4,38,7,16,1e-08,0.00073640148075508,0.0057820468024111175,0.002261300674240768
P,4,39,7,16,1e-08,0.0005123687280639609,0.004022995666331352,0.0015642617775502854
P,4,40,8,16,1e-08,0.0005069945377932197,0.003980798820612592,0.0013895031329304586
P,4,41,8,16,0.01,0.0003241521437269771,0.002545164445092471,0.0008724904600314332
P,4,42,8,16,0.001,0.0006732958628026642,0.005286556711704336,0.002103458934516328
P,4,43,8,16,1e-08,0.0008974836452010153,0.007046825103651188,0.0026692315261930555
P,4,44,8,16,1e-08,0.0010500782747550916,0.008244961328164978,0.004200312826687536
P,4,45,9,16,1e-08,0.0003948344470160715,0.0031001448415206617,0.0009490798065355383
P,4,46,9,16,0.1,0.0010231291682689437,0.008033363444322737,0.0025206220380320776
P,4,47,9,16,0.01,0.0006047185446767543,0.004748104151042354,0.001961202355086178
P,4,48,9,16,1e-08,0.0010501141664950833,0.008245243141450089,0.004200454911028745
P,4,49,9,16,0.01,0.0002330211873902947,0.0018296261572730425,0.00041427167661645115
U,2,0,0,16,10.0,0.009208918395328001,0.12420482574657071,0.020150248245194846
U,2,1,0,16,1.0,0.008322741233647315,0.1122525556512052,0.01669588686069079
U,2,2,0,16,1.0,0.01094995890469911,0.1476870224390583,0.023314281656884095
U,2,3,0,16,0.1,0.007954755512773255,0.10728936666675543,0.017335863607300217
U,2,4,0,16,10.0,0.010907227624310076,0.14711068643445863,0.017254346376805785
U,2,5,1,16,1.0,0.009119818946693546,0.12300310139451516,0.01841226498314752
U,2,6,1,16,1.0,0.010166207111388766,0.13711620937092855,0.02330878848852047
U,2,7,1,16,1.0,0.008582582524355875,0.11575715204882277,0.01883254519757316
U,2,8,1,16,1.0,0.011637075003005929,0.15695446640958577,0.023329719893045886
U,2,9,1,16,1.0,0.006709959931414325,0.09050024859277772,0.011041053983514959
U,2,10,2,16,1.0,0.005748665105752567,0.07753483276577104,0.009440046972391425
U,2,11,2,16,1.0,0.01275052628284193,0.17197208479346557,0.0197688816979118
U,2,12,2,16,1.0,0.012974983043355329,0.1749994341118557,0.0246539560461716
U,2,13,2,16,10.0,0.009266271321591706,0.12497837046776765,0.017284122878521768
U,2,14,2,16,1.0,0.009079037932042289,0.12245306950139973,0.020229974091726777
U,2,15,3,16,1.0,0.007675585615000768,0.1035240766491882,0.018237040658846237
U,2,16,3,16,1.0,0.009085045895271702,0.12253410160462476,0.018958028854266784
U,2,17,3,16,1.0,0.011702983538881382,0.15784340448702333,0.02099966843472556
U,2,18,3,16,1.0,0.011010857554721231,0.14850838993190485,0.02279687852731871
U,2,19,3,16,1.0,0.009116065565825357,0.12295247785799533,0.02218181708491984
U,2,20,4,16,10.0,0.009098106750273737,0.12271025923247951,0.01725792678585103
U,2,21,4,16,1.0,0.01023745107847545,0.13807710880967106,0.01942722020989096
U,2,22,4,16,1.0,0.008599812179854841,0.11598953616463904,0.017959078871977563
U,2,23,4,16,10.0,0.008178128694300953,0.11030210126783305,0.014556720619707031
U,2,24,4,16,1.0,0.009690357887122608,0.13069821678543625,0.019139045167187674
U,2,25,5,16,1e-08,0.011131849101914516,0.1501402573663664,0.0202503841611964
U,2,26,5,16,1.0,0.010347379809312107,0.1395597670624617,0.022615980475566566
U,2,27,5,16,1.0,0.008568371336904365,0.11556547936965536,0.01694949766218312
U,2,28,5,16,1.0,0.009478563820665477,0.12784165491908162,0.020607049704974845
U,2,29,5,16,0.01,0.008109947650761897,0.109382512857072,0.016841307004820227
U,2,30,6,16,1.0,0.011724484227999342,0.1581333939549159,0.022262272333030797
U,2,31,6,16,1.0,0.008276189479525313,0.11162469119843148,0.022503344506183298
U,2,32,6,16,1.0,0.007304193541286279,0.09851494465136658,0.014812581087139676
U,2,33,6,16,10.0,0.00975414767029394,0.13155857829186748,0.018590676298059106
U,2,34,6,16,1.0,0.008173255084312266,0.1102363686971428,0.018537904834831087
U,2,35,7,16,1.0,0.010311068631091394,0.13907002186438888,0.019798844397932225
U,2,36,7,16,1.0,0.00965365190317158,0.13020314666484456,0.018728360297154523
U,2,37,7,16,1e-08,0.008600692898771528,0.11600141481692837,0.02082216646079671
U,2,38,7,16,1.0,0.010296365511461795,0.13887171427460157,0.019503192364603184
U,2,39,7,16,1.0,0.009562243720676433,0.12897028338044622,0.02462098577444105
U,2,40,8,16,1.0,0.009646462452241367,0.13010617930541465,0.019648034812765447
U,2,41,8,16,1.0,0.008959101060420402,0.1208354269508975,0.020321301638803302
U,2,42,8,16,1.0,0.009625118364152436,0.12981830198605973,0.0211417711361791
U,2,43,8,16,10.0,0.009161151218562584,0.12356056834175276,0.018099483140046058
U,2,44,8,16,1.0,0.008908595502076113,0.1201542357616512,0.019320779635024543
U,2,45,9,16,1.0,0.010293358543719627,0.13883115794774445,0.017635940142424755
U,2,46,9,16,1.0,0.01016140200538938,0.13705140074436387,0.02012950257480417
U,2,47,9,16,1.0,0.010380210873624984,0.1400025743984594,0.021340489014767816
U,2,48,9,16,1.0,0.005087154636386131,0.06861274343344788,0.008567063115297646
U,2,49,9,16,1.0,0.009727045406750541,0.1311930378693947,0.017931757672295934
U,3,0,0,16,1e-08,0.00046033732384223965,0.006208776605239054,0.0017921192746792602
U,3,1,0,16,0.001,0.00038204510282596564,0.005152814194542509,0.0014509677509053631
U,3,2,0,16,0.001,0.00015892613025453542,0.0021435082240337626,0.00029836159428719977
U,3,3,0,16,0.01,0.00014614210268772493,0.0019710842923502526,0.00033310976503575507
U,3,4,0,16,0.01,0.00013634606204563084,0.0018389606846989023,0.00042911641534670864
U,3,5,1,16,1e-08,0.00016476864533998117,0.0022223088537013744,0.0003065303726794699
U,3,6,1,16,0.001,0.00010965374615792142,0.0014789494107052764,0.00024429258349001337
U,3,7,1,16,1e-08,0.0005896283864249486,0.007952583337940845,0.001820217581335437
U,3,8,1,16,0.01,0.00013373457954553566,0.0018037384452414325,0.00038813488580446975
U,3,9,1,16,0.001,0.00016716221948277952,0.002254592065100945,0.0004779530142505761
U,3,10,2,16,1e-08,0.00017254055771319084,0.0023271321326786168,0.000461836544040084
U,3,11,2,16,0.001,0.00014340037221108153,0.001934105339830886,0.00022969246972281976
U,3,12,2,16,0.01,0.0002680165914529585,0.0036148603570526987,0.000661689547541533
U,3,13,2,16,0.0001,0.0003856839821757969,0.005201893397566817,0.0014743452745190622
U,3,14,2,16,1e-08,0.0004684882666863364,0.006318712038713512,0.0017895757821867475
U,3,15,3,16,0.001,0.00022744411440918114,0.0030676411044762274,0.0005064233725057266
U,3,16,3,16,0.0001,0.00017288285851773107,0.002331748897640113,0.0004347514556725107
U,3,17,3,16,0.001,0.00037917850442968854,0.005114151092209489,0.0014998624518901549
U,3,18,3,16,0.0001,0.00017331374118320436,0.0023375604060154593,0.00039211562063956595
U,3,19,3,16,0.001,0.00045744953289995926,0.006169827669502971,0.0018160176492907354
U,3,20,4,16,0.01,0.00023878880362969152,0.0032206520322847917,0.0005232503687950807
U,3,21,4,16,0.001,0.00014997187662920913,0.0020227381766209757,0.0003721268646246223
U,3,22,4,16,0.001,0.0001248651529209596,0.0016841124977537932,0.0002194365573451318
U,3,23,4,16,0.001,0.00011169256377727371,0.001506447861258293,0.00024056716725051608
U,3,24,4,16,1e-05,0.0005896417602316453,0.007952763716489012,0.0018202636776726289
U,3,25,5,16,1e-08,0.00041611381640731135,0.005612314263076905,0.00144557835936443
U,3,26,5,16,1e-08,0.00017407460350942752,0.0023478224985423756,0.00026764203208984316
U,3,27,5,16,1e-08,0.00013368552228869814,0.001803076787946239,0.00027025864139640365
U,3,28,5,16,0.001,0.00045184786092279964,0.006094275399198835,0.001800412021987774
U,3,29,5,16,1e-08,0.00014081733920568953,0.001899266811508698,0.0004010078847079823
U,3,30,6,16,1e-08,0.00016614933621334044,0.0022409308527216363,0.0003733307965063659
U,3,31,6,16,0.01,0.00041276960780415076,0.005567209416993518,0.0008697875962859758
U,3,32,6,16,1e-08,0.0004534110735997681,0.0061153591519060154,0.0018003420192566066
U,3,33,6,16,1e-08,0.00012636823992969565,0.0017043853085213106,0.00021406080306918263
U,3,34,6,16,0.001,0.0003827780652604189,0.005162699988676187,0.0014867431426929256
U,3,35,7,16,1e-08,0.00045297532567351517,0.006109482023569517,0.001781975755553833
U,3,36,7,16,0.001,0.00038842835327656546,0.00523890796537185,0.0014565546031020116
U,3,37,7,16,0.001,0.00019078410974704177,0.0025731911272411636,0.00042564546650214474
U,3,38,7,16,0.001,0.00020759434446061906,0.002799918326215811,0.0005213456867588784
U,3,39,7,16,0.001,9.599249471712292e-05,0.0012946939659458456,0.0002119039953734081
U,3,40,8,16,0.001,0.0001844852043106973,0.002488234955568255,0.00040018779873784993
U,3,41,8,16,1e-08,0.00014202044297037837,0.0019154936132929372,0.00034027003125747246
U,3,42,8,16,0.01,0.00047391256876011886,0.006391872041327144,0.0018126298479759217
U,3,43,8,16,0.001,0.00017115428252758457,0.002308434815526542,0.0004887513742651839
U,3,44,8,16,1e-08,0.0004007730408238692,0.005405406320540965,0.0015095659074260137
U,3,45,9,16,0.01,0.0001488909400033786,0.0020081590980049156,0.0002513326683014627
U,3,46,9,16,0.01,0.0004897186634317757,0.006605055951765847,0.0018513849127037574
U,3,47,9,16,1e-08,0.00025119276471933323,0.0033879498363882364,0.0004983999436646291
U,3,48,9,16,1e-08,0.00039572168030664124,0.005337276348497375,0.0014767576265771742
U,3,49,9,16,1e-08,0.00010953127182204144,0.0014772975442326496,0.00022507908151336853
U,4,0,0,16,1e-08,0.0005023883841710818,0.006775938175836981,0.0019063921801063533
U,4,1,0,16,0.01,0.00044973402637409266,0.006065765161567407,0.0016202884384143301
U,4,2,0,16,0.01,0.00031234020171662505,0.004212672831105091,0.0008918043771265483
U,4,3,0,16,0.01,0.00020561147656724212,0.002773174494790364,0.0005303401639517036
U,4,4,0,16,0.001,0.0003869968683977671,0.005219600884746594,0.0009378456566730975
U,4,5,1,16,0.01,0.00026887659797301684,0.0036264596519296035,0.0006835890242179454
U,4,6,1,16,0.01,0.0002674988926560251,0.003607877920451356,0.0008811478634497272
U,4,7,1,16,1e-08,0.0005896285882292132,0.00795258605976576,0.0018204858736762253
U,4,8,1,16,0.01,0.0001651246960347094,0.002227111069618295,0.00028326441232151556
U,4,9,1,16,0.001,0.00026621527954839765,0.0035905652529355085,0.0007583722691660855
U,4,10,2,16,0.01,0.00035597744829973864,0.004801228009383735,0.0010081380847341004
U,4,11,2,16,0.001,0.00024263795098942667,0.003272567214564105,0.0007804314537918078
U,4,12,2,16,0.001,0.0004809870422030144,0.006487288647654047,0.0008575284171976616
U,4,13,2,16,0.01,0.00042920305903207314,0.0057888547675717566,0.0015314943979536366
U,4,14,2,16,1e-08,0.000504295326459406,0.006801657964466039,0.0017588839536069045
U,4,15,3,16,0.01,0.0003085094042817629,0.0041610051425186815,0.0007689997664964698
U,4,16,3,16,1e-08,0.00024100774102597377,0.0032505798393101647,0.0007964517575510532
U,4,17,3,16,0.001,0.00044511453202448646,0.006003459962835143,0.0016953582929630784
U,4,18,3,16,0.01,0.00029518624468177806,0.003981309694533237,0.0008685798743539586
U,4,19,3,16,1e-08,0.0004894743194592369,0.006601760374671061,0.0019042545164116298
U,4,20,4,16,0.001,0.0005156938353630781,0.006955394782556379,0.001186610523759346
U,4,21,4,16,1e-08,0.0002321985790910805,0.003131766708807039,0.0004211403655639545
U,4,22,4,16,0.01,0.00014209271380810298,0.001916468362597991,0.0003140554692504516
U,4,23,4,16,0.01,0.0001687970389514381,0.002276641610825539,0.00030371957328700905
U,4,24,4,16,1e-08,0.0005896162468862963,0.007952419606521124,0.001820430891684932
U,4,25,5,16,1e-08,0.0005861811356195161,0.00790608871531386,0.001620860522010159
U,4,26,5,16,0.01,0.00020858394413482932,0.0028132655022703305,0.0005874895609528918
U,4,27,5,16,1e-08,0.0001960435888511799,0.0026441280883047584,0.000414956409072631
U,4,28,5,16,0.001,0.00047043243374886057,0.006344933894620667,0.0018509001691345839
U,4,29,5,16,0.001,0.00023439278011766265,0.003161360885284685,0.0007303628844632648
U,4,30,6,16,0.01,0.00047556467067819916,0.0064141546832229435,0.0011787517671426606
U,4,31,6,16,0.001,0.0008034946429815685,0.010837093764503293,0.0017337940549099207
U,4,32,6,16,1e-08,0.0005036640284762561,0.006793143364528757,0.0018889673341375701
U,4,33,6,16,0.001,0.00033393752969361994,0.004503965710769994,0.0010231438755258226
U,4,34,6,16,0.01,0.0004394020995281982,0.005926413815575278,0.0016432058905616609
U,4,35,7,16,1e-08,0.00047902935392094996,0.006460884424975379,0.0018500376270481622
U,4,36,7,16,0.01,0.00045311613633391827,0.006111381200301011,0.001636685394854398
U,4,37,7,16,0.01,0.00028442754058269283,0.003836202211708355,0.0007831048134977481
U,4,38,7,16,0.001,0.0002773643575492669,0.0037409378842138386,0.0008705620718956197
U,4,39,7,16,1e-08,0.00035546793211938915,0.004794355935413846,0.001067511970302859
U,4,40,8,16,0.01,0.00025192267825128344,0.003397794508602069,0.0006779674928822921
U,4,41,8,16,1e-08,0.0001957644579551503,0.002640363324321246,0.00042462923380626183
U,4,42,8,16,0.001,0.0005158724813207626,0.00695780426096546,0.0018231178115906133
U,4,43,8,16,0.01,0.0003435479311684345,0.004633585519448015,0.0010250688376657324
U,4,44,8,16,0.001,0.0005303612877155724,0.007153221311729656,0.00161010394652783
U,4,45,9,16,1e-08,0.0002514704288025175,0.003391694816806944,0.0007376907170680846
U,4,46,9,16,0.0001,0.0005591962977252541,0.007542132065404065,0.0018527887257382414
U,4,47,9,16,0.01,0.0005022169779576038,0.006773626343115376,0.0012807385897689594
U,4,48,9,16,0.01,0.0004622898995073127,0.0062351118717520505,0.0016922837620056974
U,4,49,9,16,0.01,0.0002551801649975357,0.0034417296979827555,0.000641414700217724
